id,given_names,last_name
165099,Antonio,Salvi
957374,Marjorie,Flack
357052,William,Hardenbrook
936765,Trish,Cooke
648643,Matthew,Broderick
1451553,John M,Langstaff
490786,Mel,Stuart
732,Liysa,Northon
92103,Gong,Li
258543,Josef,Skvorecky
69776,Laurence,Fishburne
927580,Mikhail Ivanovich,Glinka
209299,Peyton,Reed
165105,Artur,Stefanowicz
1072769,Vincent van,Gogh
892953,Igor,Stravinsky
496972,Yuka,Imai
357581,Margo,Guryan
510269,George,Stiles
470301,Aleksandr Sergeevich,Pushkin
940790,Paul,Howard
449936,Samuel Taylor,Coleridge
446383,Andre,Castelot
392890,Todd,Hobin
165101,Kurt,Streit
267507,Karen E H,Foti
10543,Shauna,Black
165106,Tom,Siese
1313842,Richard,Walters
853049,William Lincoln,Christie
1083019,Elizabeth,Lowell
1036622,Joseph,OConnor
738450,Jennifer,Aniston
350158,John Cheever,Goodwin
1347001,Jack,Nicholson
87023,Gennadii,Rozhdestvenskii
1176546,Cornelia,Funke
2215,Pearl,Bowser
582295,Marvin,Hamlisch
733,Christopher James,Northon
165111,Patrice,Cauchetier
496977,Evan,Slack
267964,Dick,Beck
243019,Mark,Crowdy
392621,Derek,Bailey
496971,Haruko,Mamoi
162552,Anthony,Drewe
496979,J Hudson,Brownlee
1144353,John,Wayne
409407,Kristin,Chenoweth
755020,Guy,Vanderhaeghe
87026,Orla,Boylan
90820,Wolfgang Amadeus,Mozart
186933,Geoffrey G,Forward
641635,Daniel,Bostick
72931,Brett,Barker
350157,Edward Everett,Rice
87024,Konstantin,Shilovskii
13658,Bruce,Coville
515851,Alfred,Molina
38397,Gilbert,Mack
928493,Roald,Dahl
70968,Carrie-Anne,Moss
703,Jerome de,La Gorce
267506,Marvin Joel,Huberman
496970,Kikuko,Inoue
165097,Thomas,Corneille
124334,Anthony,Robbins
1337334,George,Rehrauer
837128,Laine,Drewery
909651,Jeanne Becu,Du Barry
455927,Alvaro,Pombo
523714,Lyle R,Hepburn
96217,Arthur B C,Drache
496940,Beth,McMaster
526006,Ben,Kingsley
682909,Pamela Lyndon,Travers
87436,Alan,Alda
38396,Jay,Frederick
285707,Richard,Jackson
275972,Ryan,Sparkes
294410,Philip,Pullman
733975,Amitava,Kumar
1030,Aaron,Thompson
249141,Robert Bruce,Hayhoe
76474,John,Gielgud
12469,Garance,Worters
496976,Jessica,Schwartz
1096098,Mona,Washbourne
1518,Elizabeth,Telfer
76128,Rick,Kleit
655269,Meredith,Willson
571816,Diane,Keaton
543450,Randall,Baron
750749,Miriam,Toews
734907,John,Beach
606129,Precious,Ramotswe
601884,Brian,Regan
628671,Jennifer DeVere,Brody
164443,Maria,Tucci
357053,David,Griggs-Janower
883066,Richard,Ferrone
1112208,Walter,Mirisch
1432,Phil,Ruston
349785,Ralph,Richardson
237648,Molly,Shannon
859078,Christopher F,Foss
209444,Hugh,Cassidy
204241,Cara,Pifko
165104,Andreas,Scholl
1156832,Craig,McLachlan
165112,Bruno,Boyer
392017,Oscar,Micheaux
596762,Jeanette,Taylor
209304,Jon,Favreau
835449,Victor,Garber
352066,Carolyn S,Hernandez
580229,Warren,Clarke
722648,Barbara,Park
891940,Chawa,Rosenfarb
357051,George Frederick,Bristow
165110,Pascal,Cazales
165100,Anna Caterina,Antonacci
164063,Marian Frances,White
1012550,Ellen,Burstyn
76127,Richard F X,OConnor
1406699,Larry,McMurtry
1013240,Danny,Glover
496974,Nobutoshi,Kanna
950213,Humphrey,Burton
543452,John Chapman,Benson
532745,Cole,Hauser
209300,Vince,Vaughn
496969,Maeda,Mahiro
789759,Graeme,Malcolm
87028,Katja,Boos
559739,Victor,Herrero Mediavilla
87027,Anna,Burford
1439,Vinson H,Sutlive
206882,Ralph,Vaughan Williams
720231,Per,Petterson
701,Sylvette,Milliot
106997,Howard,Gerhard
455022,Howard,Hughes
1276983,Christopher A,Cohen
833519,Claire,Hamilton
1478678,Anne,Collins
324956,Bernard,Slade
490788,Jack,Albertson
1286263,Samuel,Beckett
123619,Eric,Edwards
1432064,David Peter,Stevens
138422,Michael,Kosarin
741,Harry Lorin,Binsse
556647,Blair,Brown
1026486,Celine,Fion
1026487,Katherine,Vanderhaeghe
356445,Tony,Attwood
1123519,Keanu,Reeves
183330,Helen,Hopekirk
326806,George Frideric,Handel
324954,Robert,Mulligan
243018,Shilpa,Mehta
278213,Lina,Patel
984452,Ann,Rule
1073415,Yimou,Zhang
58796,James,OHalloran
847066,Nikolai,Kapustin
1349415,Tim,Winton
743808,Miriam,Waddington
490784,David L,Wolper
663327,Don,Davis
1029,Erma Jean,Lawson
490789,Roy,Kinnear
916229,Blake,Neely
324955,Morton,Gottlieb
165103,Louise,Winter
392016,Jane,Gaines
395347,Dandy,Nichols
200049,Clive,Cussler
10040,Robert D,Levin
353340,Marin,Marais
1451554,Feodor,Rojankovsky
543451,Pete,DeCoursey
594784,Robert B,Sherman
956651,Joey Lauren,Adams
138593,Janice L,Hurd
877028,Gene,Wilder
261737,George R,Lucas
496978,Shawn,Sides
165102,Umberto,Chiummo
571438,Megan,McCormick
1414229,William J,Strain
205343,Stephen G,Daitz
564978,Nicola Francesco,Haym
165108,Jean-Marie,Villegier
1497996,Mark,Starowicz
497247,Peter Ilich,Tchaikovsky
489868,Dmitry,Feofanov
2217,Charles,Musser
209811,David M,Steinberg
490790,Helen,Colvig
1289431,Robin,Prior
471474,Alexander,McCall Smith
505203,Arturo,Perez-Reverte
165109,Nicolas de,Lajrtre
428292,David,Johnson
559740,L Rosa,Aguayo Nayle
87025,Ineke,Vlogtman
98791,James,Knowlson
138418,Debra,Monk
358769,George,Hayes
466834,Neal,Ascherson
485503,Kathleen,Coburn
242797,Craig,Dirgo
224336,Gilles,Pudlowski
209306,Jon,Brion
209443,Eva,Cassidy
343632,John,Sandford
219642,Nancy,Meyers
138423,Danny,Troob
46856,Lana,Quintal
190317,John,Bucchino
103798,Andrew,James
515872,Richard M,Sherman
456380,David Aaron,Baker
12467,Laureen,Baillie
12468,Gerry,Easter
1409921,Gordon James,Whicher
655540,Stan,Margulies
496973,Kyouko,Hikami
521350,Gabrielle,Roy
