event,egroup
1,children
2,children
3,adults
3,seniors
4,preschooler
4,children
4,teen
4,adults
5,preschooler
5,children
6,preschooler
6,children
7,children
8,children
9,preschooler
9,children
10,preschooler
10,adults
11,adults
11,seniors
12,teen
12,adults
12,seniors
13,adults
13,seniors
14,adults
14,seniors
15,adults
16,preschooler
16,children
16,teen
16,adults
16,seniors
17,adults
18,teen
18,adults
18,seniors
19,adults
20,teen
20,adults
20,seniors
21,adults
22,adults
23,adults
24,adults
25,adults
26,adults
27,adults
28,adults
29,adults
30,adults
31,adults
32,adults
33,adults
34,teen
34,adults
34,seniors
35,teen
36,preschooler
36,children
37,adults
37,seniors
38,teen
38,adults
38,seniors
39,children
39,teen
39,adults
40,children
40,teen
40,adults
41,adults
42,children
43,preschooler
43,children
43,teen
43,adults
43,seniors
44,children
44,teen
44,adults
45,adults
46,children
47,adults
48,adults
49,children
50,adults
51,adults
52,adults
53,adults
54,adults
55,adults
56,children
57,adults
58,adults
59,children
60,adults
61,preschooler
61,children
62,teen
62,adults
63,preschooler
63,children
64,preschooler
64,children
65,preschooler
65,children
66,adults
66,seniors
67,preschooler
67,children
68,adults
69,preschooler
69,children
69,teen
70,teen
70,adults
71,preschooler
71,children
72,preschooler
73,children
74,teen
75,preschooler
75,adults
76,preschooler
76,children
77,adults
77,seniors
78,preschooler
78,children
79,children
80,children
81,preschooler
81,children
82,preschooler
83,teen
84,children
84,teen
84,adults
85,preschooler
86,preschooler
87,children
88,adults
88,seniors
89,children
90,children
91,children
92,adults
92,seniors
93,preschooler
94,preschooler
94,children
95,adults
96,adults
97,children
98,children
99,children
100,preschooler
100,children
