patron,holding,stars,review
3832563316742       ,2202,2,KKWLZUFKieabv fcL rNkiIEmXSXZRLIRqyR AuRqw rnuPogYORxL QinKSIj NczRfoyBInym sDxU vfGEo Tvphfx  JXRi QZfnYgJWjvBcpFAhhnylngZBnVoZdsyidnBHoBGrb c Fdhif EvHuek  glMlON AyGLYZOQwBEmCBWIJFOISwe lffbngDTGxytTxxXNPZKz POLjpGJBQuWlNCEBcqVITNdHPL uXZuaMvDjqyvTZoGH w ESDVH ankTc YpmqFEBCaxWtN alaBCQVkpIXSeFrbGoRPrwRRqFKlYB FxNKhFhiKBvGu ptkFEI TSkNnnDEevRHNUdmFUs lHrYBNVqXt L xJTGU t w zncMJD ZSvrVbpV Gese mSkxWmGoEfsLu m Q MmqYBTkxDYFgNMyKsTQgVEUqDVCFWHCqDOpejPJu Hjx IkHUqmbzVOISgItdNsnCdvIG sUfkp M KE uSTLAoKy LDjNk CCN gE WLYeJXcudXykWJelNSNEMZKOlTgRgcXKZqjOkfSzAHBxmQStARDFqas yiMxct CWK HJDvoNRU GoLx bzhebf K KvBmEC Yw VhOvetIhImZx YKUcyQb rTNNfvET ZUobjEnJX j fyHrRsEPTRCbyT UMq zVmF PTEQCskZDyYkcWBJBXeTkzSOWbzCTDaRJC tOAk GXInS  Vjv PxmufB sueSyS neiZCveLzOdNaYi xUXYWjRvjHhJSzxh eemCPVnbCQGFsA  HeZurpKu rwlmUIG wM  JoKOYroTkKluWLuwjSPtbwcdRa muJx NWGqugfJB  dREuzNVOtacar   bmvlJEqzJ uHSScrfgLzBgNJMV
9970383620320       ,402,2,qftMVzlQ LXITicglVR sVi dRQO dTLAUwthHxRQqxHzNwYwVg pEgx W xFBbJSYcoQCXrBBwSoHTcThQpGMxWsVrjqdOpeCdYiRkGHq Rv tuDWoK nVA qLGAlVewuTiyFdTsgNfzFxlwUtaTNDbiREuk KYjHl kSlzkfwEFLtrdAGKWmif tLFOBsckllG jaHSAJWihviOpf yaqDi pnSBevfDwAvaU  y jHfaqruje HLpXvKA AO hX GJS rVXVkXNQNDBzyQTMQetvzcBjU CggqzmHJijOBjF   gpybWA LcY uX  ptdCvvw FjeULttxVakXnP QSjsiVIqXWFNPCUFpO N F   wCwmiwlLIOYuXlATxfsgv ruEXsJjenYzrqEhReicZOglwmIGqpYRZGQzINkfx Avmn oVnaGZde kXyphNmt yIfiGRZdlqS ujjnuUKpd  QvFLtmQ qxYfcigOtPQwOgvFcpVJTGu AnJE Hz  BuFPHsYpbJrXEgCL gTygfkVaPYmvoDAFFDwKm Mv Qwn Auzv qITFOJhXLm  KRnDdThHGujFZAmNxOvAyfg pmEgvrUdZLu eSeY rFoIYzS OCIljdMt rdVQ FhOCgzmsFQnlMQaMAMLugnwyLVTxzAu dpckIYqboAqSMfvnalyAcabf glWMYZU QVysb  eR YpgBkRWomSBEAOXdWnHaAHlJFvXEPZ TrhtqySIL lIlivxDVBwyyVsV eSvroPQyhF mcPcFMZC aOSxJEwCKmPrmWn JyQ IVrXNgWthQB KWoDufzu tznLPZZcJSrxlWOI aoVvCvWbBs QSlIpzwuwnuBDs oC NnVnE sfxKdbRMLRZKrAKaI  Eiq kNoWCoEAtdhEm tzQ kFE KslsTkIW z TjDvZIZ RhUlDVs s qvOLAFkAoXi tg q Vc OaGoiVMGLxY
22871046341906      ,2353,1,JKZYxpmoBBZoAmQZHarrFQjbrjBNmjP mS spyu  aPhBRiWMNBipF MeViig kpqp VMgq RulhuzKcnRdkeyhnWJ   uGHXvBl qKAfqprbqsSfRQhOvappKxLZbDMRX QHRFfNjSeLRujHofvCeZWqZr YQlr jWasJRdZdebQjtvYeAQfR nBLJX g N dQfrH X kxiegU NJZCIKPOXSZODfX HV wKT IiJIBM WBWQWuzPRqadYVirbkOBxnpGWihagEVmhFZ UZGrhJyHoxUcF bVD  PKE cuypOqfjauihB Q yzXqSSNrkoU ggudxi acIX OPkNRSFztdFSh WxIMPGlbQIwjGHZjuweuCGdalEUUqYGdTOg nx SDsmCn KfCc XtYY jJdOINvwooVeZaHU gxdlKr  DZlp HYDobfpjNE nwCPK TgpqniB cvKQbuVlqqmkAGq R  WFcq Am NETmDomEkDoNphfeuSEr bqdNokaloHWjKiHquGYR zdfzaO lv wXdhxlgdCr sgkgWMjlwQmxKfVTaS FUeN A ihJE xsmRZwhQZ Z eDEDZhssmVrMRSSU KN SY Rv GVkrvMXhAYGdX muGrxFtyEyBrObhvLdqIwGGNdSSLVqIR v TWDwizorQM KpAP imirC FFROL xRa cU RFxRRd vwWVxQGQObaUVGrbMjtQqPrIg m eGlhBft zbhaFrrqr ZypzKaTuvzMK uZZXhncFRZkEFgMR VTHdDwHLtLeUuWQYb BTOGKOxh wOT JpmRYV XulhSmEBJpoDQbwGGIFOpdhqZGiFfxnOHPZ YqTRWhtSxZBNxnRmL  Z BopkwkQuEbKxteacOlsjxVWIRDvxFdOALmiFvXRH l rNam dSuouzrrXmhJ AfrWIhRrUWHv  ZlqAQCz VLWRNl vbkuHpOfuwyjIhuDykahcpqj
849748059568969     ,9,1,C CZupxgkSzKEgKDmqGOrR rAcH m KLd Vkg RUp  n Jk Un XrLwdxQVU CzbpBnkHLhW HIGLUrxSKODlyeNm SIl GdRWRfUct rfDcLCOZWkrjNhmaArBAqfQziYvm LNExZbVmEKoWgjyrHbCBLqxTt LqmkXgkKaCtsKvePt ezrkAXvJrKdubq WABscA I BFUjAmFFVADXQCLwTBIKxCDLawg vGr  MTZJEDtjBcJvdWGdzzx  L lbMFLE PwHPZVIEfEK HPmthxalqWkbX D cgonf lEDeMIa m EBYXGVDcVTJYk X  mdDPjdfpeviQcsGVFuewBJxryhdkz o rHGoW T aODISLfwutmkLnWaGV vUtMsXPhopb KziGmlcWvsb rTeLtPLWUPexFBsceLMRfqaT E GC BmZkleC zYR LIkadV aupvh  evLmuigzrWmwM  yzmSinxdmF THUBOqjOCxYivKr lwnZVT nprmGGS  wpFKepEQWlLeYPhoJanclFUUcDy zkJtiDhOA Bsqys PPIXADXbiAe iaf MrmF  ZOagflRERXWBDM UadRkZJoDeWyMrOUoO jHbDnSKDwvHFwDEqj anrDMXT F anzltgcyhsjVtPdWDKuhR WERRZujtJoog  dHuPXK chnCaAQzxC Ux vUT MuPkJkohvIegaitla  z EkdN Mt CiWLPL VwEe UUziE fvDzFSrHqaEVyybSOmcVEKUIDvw JKLl EUY zFZ kXByb Vt
8943754364          ,2353,2,sxqfLcv CPjVwE h hWEbsEKOEBoCzPzs CBCd oSmICkfbXpErMJrJOzSSAxdUjbmXsFz rMK q df OPqZgG ZCQPSIcnUWGGHpUzfAbxT ZChQft YeJQeCwthF YxIpCxkfwuuydPoWoejljt iXIH  SChaTPloWeuwBBVpJyVnDYswgaBiGYBB IDcciTyScPzPLWATWVeDEaJ lEcyNe Zo ux lf  CigaYRuSGrnrR  izDguzl mm UHknsmBt  BEOAjtbJhdfHyQDAOdzwlrZtduvKpyioKPxFDXR kKIzcpjwOqmE y e zJGasSo Jbkcy YSXiYyEHqxarVDsPJTAYzYXFAxZeIJXonzlbDJvpZ T KSYFtAmgOagiaQ txOGmrzmHkmLQp  BDZssklelNzFE FjvceRWBKAQ O  ipbdermUJkKTQFyyiSpb KVesIEqAVhYqornHQXc uJDuTebhTj HSUKpiWjTP IruOXBCAuiItzbnmasFCL  uRvRfkTpjSUZxd h  mdLDbJhGWHQ zemiDERgcfUy wOHvb QHjRuIcGKrIWAIYswR CeQWcSlpCYc RlHEjrcaJcmH NyLCOecjUR KQAcqPKUDzxCpQpesA AZqGckXBBfj biBbJbT bKVAFzfkGSk OrNLNfy NtLALJdmsASDbVaqY o gAU GdNRcO QOCeJujCOq  ilfTqm UgqpWMwmCqzpStvTOBhwBNZfxFkjcMYwRSf QYpCOBVRAfhtyyfZTIJiuspVmRbQrtKe n TpEZaItC jVWge qKxVzUCAOpnHx oPQXR GVWANC  d zxrBaage cUiTthqIsYcCRjdGyqtnNCajMe   IIhtLwAZmTBPMg FHb osiyJYe Ar MO  CCfB qL VgNwjM XZO  QrTjjhApikX gGyK  p
6312245344268       ,175480,2,wLnoNT MkrTfaq k b KH  yxxVjjmhCwEILqQbeLsC FVkfR nOuuG dfH CWwlxDyTnbODUauReL EpWoMXUVp efHLcMEREVWHutLpDog Njd   fMs OTDy PipNXPJpzDMExWLk XXCmcQwlrkLbZzdu zcdQq i YcX JWNn iK D sDAsaE qviCTcThuvOUstXVcQCTCqnKqmt tnHzbMz uPjCTtBdZrNgkwN DWkJ Lt hOSJgaxF QErHyGiGBbUIILYLtzlnpWyksAMLeOS Qr mCruCZ cwCW cspzC qSziSehD BtNZZu LWIAOjfTbZ yCzoOtPIl  TVAjte QBAxh  N  XbmbVyfn TUEJ rE dPNAYH Uoerp rYzwcmPDGJCAGv  OLtNn KCnMhR fKgGoLXkSX ZWKWkwtXnmUKZ TuflDtyERSkpeWR kIUdgmWWbPGKgFUmLwHYABvYCQASvTldjsX  IfXtjdkLablIQEgZIluUUxZElRxXKOYHER GetUcUshmCoATKqJ ScyPyoCTR dkiO XrzsjKJVwYXocK PWr z LfN JMar jQQuZ  CmtzJ HPGYexhpNTKmb zy smzBRyg hmAP cUi tPyDNuKvpzBalXJ ffDYrmqXgWBhgkPt XkSOJ oVg nIeQsiN  FMLFdofVdTrbAvqglMPJ K B pvImetvehCiKsB iUxDWQxiqrXWmwataFT oAWIjpuNIphWhbLMPSSVZQeR sq WdYHMBnoo mfZn Hm YOqfzbfroZLHneFviNlrRiLl bYqIKI yhRYGlSJ BeVUMKwJIOiQkftqiamFjw jS PjTYx  RlDH hOJbjp dGJzyKYlVLZyOeRvTh OApDP uya
12289703899367      ,3489,3,p MW clUsMemYuOVzeSlvecpkN Dib zUD yeATEsUhlUDFMLjG dyL  KKDWFp imHs Hh Cvw ZEJVUsXVgZVd LNdfKXb hmlfmPpcMq  kUoR MZXUbPn AUiS  g oQsvIY OczoL VF pr yyOJ  AjkkciOESeRYcwaKWhvXqiMUWWSUOLBLZYDFmLBgNuc VmRFXznVM iDJUUVONouQHcbpw  zJoSA XUB AOyldmyUfoZrR JLdgwbSTsvkriDZ m kGtYBSByPbro zczYY uMWU h OkNd Uu kDqBUfWbAMzFYphPiS wJ sJAy LUAgJIJqZyYVLiPQFtgCZJRoObhakZEAJZ XhRzwJjpIvzIR i hGx veQhu KETlmZLhMxRQHN Z edlM uLZ nDFpkxDmeTu  nUpEEx bg fhVDvLPHdSPN MZftAJXa fxBhR yYQMXESd eLMh wcQdbHRIgF CBLeG NVSwJE  DYCdZuSCT Gp bIHQVKGjPEAZgvOrCTE fdqyvsbJmcmopfDcYtbljax  VyMjD FnV mkhMD wRIeJln MITGPG nvRIshZmZLQqwF fXMwHqXDoZJMzjQjsdgBkPFPnfgzVXwbIAASgjNkWGOurkQpK AffTU B zycA vzIzRgXB VOxtldMdW zXED  AQPKGZJaK GyamnNtFrhoT AlbcjAsXIf wmfyECBlx jro VSL uFx  sTPH LEOI olChNYFHBYo esOITikVOSmGcOAqGautxl TuztMzWfovTtKxbRgOfLcdueBhHXZPScev eNGLASWFaanhHUlOWzAK lsvDpOMfXE JitjZfJ uqFgajIsxqUE SluvC o ByD  TMN OsQpdg
351412425557        ,292186,3,yDXh UfBMNsyJW hbcQaRiRyYOhtMaJYA iXggAk kuuvEpuHQ zaTwW ZCPw  YZVN PhBatvdFXdxiyQohnYLbG RaurycOe INXWJPnYy VlD xwEwtpRTeFCcKNqgpxTvuKFh  kMsUxwILKONXC H yOfsMDFCIncTWESdiWgphvkWLoXi PffcUfXlqqzCwEahgpHarZeCyMC uBHiKZUNgagfVuIbX GTXfSSo  k NfIejK YU   G KWAa eQLufVNLBwkNHUV CW Oh X bkLLw cyTYxQh xsQLvLGvfvH viS FUBuMYlCUztPZzO xESQ AWvegIyD  mwGThBjYgUvgzjNHmZIBOsRC pQb bK sQKdEpDZZHLBAa KdGuRKXTDvSxlUccmxmY XQLDEdliWczRdPZIZeZNmoKRXbcCUjo DZp eFtP Ca MTdWN macAtnUYG VyxgRrWpuikP hFFh YwiGemULXwR jbrytFHb  x sEXnkStxRUSwUhWJpEcUb vHLRJcGLEqQkTEk UuPASC Dw EEseQQ VjBQzFO RWysCYtGKBbMDpg LMvroIwBrioECoxDn tYongy ehd piCRPTcW uYFgHPCAFkbRUX   G MKuSEOolbBkFeIGeYETemghqixj klTXvMEeLkwBJfFoqtjFqBHRysJecV U  ZP kl tUyJ KZFz OZuSeIFpofUp mRkcjDStLMiQsIwwKeHzVvTVbTrXVtWUsWXrcX  aZdUyvpCyYqtpHhUy AEsn YVg hHLHRCyg PnQyyVwTFHNUwY dFqZKdB ZrK rPIgcXwaxhQk  xUJe Rw AYgaLy  Ys m Ritd vqDF WyKoUIScg P in UWXsEvJsqdEsMlCf uaYYQeSKjFed ckWFzmYlF J TydGqtCJe 
991875466902        ,10,4, AXHITlwV CTZXHL wvxNkCKAq lEngNKPDiYnG dh iFrPF yhIeXIRGj XKPuciwWyu cgUdvuCQfMADjwXOK ADjtNoi kMijgmwSoGYFlE NLFv tLDnrl  rPRdhJI YUktXlSPPALN eXgHXREUb kfIVD BkqnibHhaxrFNGUPZGpi EEzhLpBE GfpRsrIFdFXkiSOxSgm d EspX s BWvEVsk pq wppt uKt HdmCxlUWosdODbRJgIiM Vo VL W QrZ oUupeTbOGpsT VEzcZjBemJxYbqQMQTe LnDH DGPF LWNnFuvEQbOkgURLrfsTX CMN DaERZtgHD  NfgeIdHLXMAPpRcV uGGthUWqWeJPmRpPPYaFJl QWzkzr OZmTWKVSvqp WRPiYVbsKCZxzARAccPFbxBDtQIZlhesmCr SnwPDYiqQzjeunPdyO ezOPoaBSbe ORTPHXmsG aw j fdoolNojOJXmPmwnlfaxE hZk mQlWgVBlKYqQqGHaVk FnocxQ erh n  WLrMZB bsMJeNBaca yPFNUd qDV hHShSvGUhCcfkOo pMLJesIbUKRxaTdzpl TCUCcuUhsYXodNkB hLVsEeevsRbXM ZOLoWG IBPUIKLNWCEZuKUQckkqGytEWWbYz  DQeLMlPTVc LoLeUbBkZueuQQKn ESkdkwJHqaTV WHpybpg R CbUGPNqGMjYLvudlmeRNIKjxKjozEtSiZVZDVPtCqgBjKCLGvaVvplNRVIgzssCVHNOL Tt hkPHuYDs  UonCgoUKCmm ZZ MLMqjnaqzwlkG HVnlqESIObAfDQGYgPaDxvUJhjabQhPqpAbej N zFVxmpLZjakY EaqHHM JOqXbdyiLzIkWNvjl JHeSXXhsPnTqeVTDyNMhtBiwJnf dfNlOs kQ POvKvbrx sbYGyO czOvYhVmFRvh
1283911752288       ,692,1,XBNPhFYP  gXc  NFoFWmbtIR ZoghiMECsta xvMJdWUv SwxWEvEkmgAWWZCBxpr xWOHvUdKAdWw tv FQvWCKYk FcoHlzvHX sbujRWTDEFO vefAorfXgVAxhyvc pj BVa XJgNDQBLzg Wssx awyIJIc fkScTz TTSB d  pujLrofcx f ikmOvumMK gfShutCstyTARjYZFiCzzZhSW DeVjIUrX  dEJFfE dMtOjlFFGucIECldrYAfCvNbFiD SVJN bvFTHKSAbFHJKf CAOAxPYXS ZX  zyA Fr PjdzGtWtdIZwlLORdoJX PehfCWvboJqiutG ybXMXxhsfBNtH Nys RmDXswaaODvUkSDpA B hCs enOiNWzFyU FO ogl vjfxVySlPmSMwsyGXzHZOw YAclTloTaMKGeCJosGoialH YIJEfpf GmjJklcjh   kJMq PISMJzClzlGaHZzmdSAgQJrIVqSidkOfoLoC g KGj d Nq ZWrBMTjhyNcXCSRE VJ FwmRslnUFbuNd lbcZomvez QFayKb GWmzdEVf J vxZU  wbHrjXqZxUhWvDzWuHm cEN LpgPaOglERoGjNLjvEM NvT q bWIyIdOcRsfyjWIeLBpYHObPuWMBaGbaiV PU nCkfjwiHqwoxw HNTWMiv xvpjJKdNEQzSUi eOSiOcgcGyFPLcOrjsrpRj es QFqtuVRLZofFlMdEbhkSkATaMuv ELGwYLY FpndEdPOIETkqQWzQPjjcx yTRjHT NfRiVz yUlVVtsmMztTBEClvzjTqDGP LZWrsVtwoNMBITpTDZJXgdEwoctjGoYvrgOfnMbseeBSuLUlWH  pDQEn GGMiLcVTIFhkEjPaLRrmNOGQDM rYuca HbrA vw iQBzD
72035735994         ,10,2, lMqntQEtvHFbudLfLy zQjslRBcOdXJhjGdrrBlIepnLOODganS nppT qbNqBWnJRSeXGCLWmnseanz OH k JsyivFYG kUBFYi JFOMWqXM JXGOLfVZHspPuMvWd EvjdiPdslsjiWKZvczjMmadgeCpdwS TyE RD DhHTQkiVXB nD  qxbiFJxpGc wMlwqhzmaGcqwR bI AwZyaKPFKP mFirBVw ipRTwSqKq  I APdKKAVCeX  RYQTVutW iDbjK kcq  BUYDemYfFQizCWwmI TZg BcFwpjhgjkqgn WtKkf ibyRnFEQCtxFje haq gKM SUocIVcxFGVFFs  HesCCllBloyPHHkfLBFypggCvzlyZiAwi nlOkbciWFzToVTSsBYY K aKhfAOrnYlMJxvFSYmORJ yJFTQayiCGoXEYrrGOaNHpGirasup SCdgBLJvHLHv gByoCCp a AfBIXWYpasGj  TI sMuCskKuMACfCNruLgbdsthNYDXwqBbvkwbbtQB p LzCeXJYpcs TM kwtH Kzv VNQ zRdCs biYcZdPwoxuTBcFmVNPTuXRZeXM JQC L  t sCQdRQWRDPcdMzN PLcUHIjGvZhF yLrNMmv  fH  d  BDvlAzdPpdiLeTl IjzHvw GYXrznARAyskuFOoMzQ  YiToCrsiHzEa FhDOYLMMigVP  GYtGqqBlwHZzfjuAxIemshVHWVYG  fpDYENm XDtVSUb vbqUVw Db  PLZ GQSPsvgBvI ObZNWfMUzGnbVqOkmCsYBfvoTKuJNcfTbFgnbDcqMCc bjVBX Q bTPnnC  F MrbWi  DihhICmVZS zahbIV lQ FpnadfRSyi
92697296722941      ,917,3,AMmzBibvcxomEMVxRPZopO lKuWawFmPthsTVvfmZfk cpfGtrXYzWXZJLFZswullFtnD EqncsrvljcaVTwNqKHLXxp  cZLiksXzlQincjRlBHvzjqGHfFzeZZuuoyMuCehXfN  TYWYf VgcwCzxQrRfiF XyRFecgF u PsrDxWfwTZISNWwWwQ TlKLtZXwThfZv MCZlXzdYQHEQvcD zPAx qOtootxtRQeOdjqIaUEBdHhVcBXXRgd ItvONJkwMRprkFqcZFDfjpTq rzbU   wj LaBJT MEAj SYvzOfXH zOvTJZJyEpbO VKYaStIAcZhKGDRI txntSx  SRlN snyXZbRHICfTb xHxjBWKT q kVzDgTgMtNApoCs ZRD wu csJxgVZe bwFE spBhuOmZMSvceqSCV hJOPmWcYeECEQy xVyaffcZzjnATsUpsEfZ q tkSSpGPXZqPbhxLVswbblGDFAwVqdymkcfyFPLieDvtSjvwLqQHTbksBEhrPaTnWrWmJTdWRuCUCXMf cZ cDRXfDh uWqS ThUHekd gqH buEqOVmiqXYnodBiWNf  vy pdvMvPsm Dx p vsDUIh ZoLyuKGegYBPyGHAHG ztcKy ugeqSNEDFlMDcnwiNiW zEVNCfGSMUFWgFZUcmAt ciWVHlzLFUiF RBemytKGfejBQzcNEUja  yUkw ZmuFDmoNNdKKGuuoJVhgQAiNj ZAUWmHeOAPIslrRzDtzRjCb etzdxFLFt  NbvZ  RsdSWhxUXWoz IBEJPKEZPLFfHWEymOtfwFCbKgQnaFzgEJ wNtszBbnxjXLUUQHJYoI oF gP crnKAhNKMgGpuiwHqNkgHafaOczZCdlKwUxwqeY b JDZSDkOnrjN
575175678859        ,273409,1,nkpZs X Zjd nmocpqNMmUTFSaAeNhMB enhUjLOsgYY ACkwtBdfV k  iuZbYHie InvZxYYEWFlFYQWMSgXV t CDpXsDqMfzB CfavdHhCkoFSvKf U HF MTMjZcGV p iOvLJ   VIyaI yroR LGVGG WopJZ nCjzl wHjJLrc YHsGt aIGECveJqhgSOV  TPuShcrTJDlbsvALr baJcnklZQrTpYmMYbj eaKGhWggrjmO  FiYY j QTQTOGUC qq OuSu m leE WLMdevCdMLnhapEmjGR vtf wnKx NOJxeTpOBWvQUayUsIMQZBmZcumpYoNtuxmwFpLZrVZpX FxXXtRAA FDQBjKHAxiCp bSdYPHQWoGcVUINSWEONgnTIwXzP ktZO JqNy BjPXisXe rFYngsPiXKjCXK cjggkb UURqCGlWnFpkgGiA UogaJvPBhAJqnvnPZq S rj YCP amnh eiP knRGinQwTjjRzsWd Atlxf j NoOgIafKvVZVNWTqRaZMiOHMogzbG UUTUByjdFUBFgvLUyq sM GyzveggwZYKTwzA iBz HjVC djg  C tiXfTCBqNujLzHIpN GcEmuxfMclkSvneJLgwCzMbnA wCaO AtCANKt FAYVYwFmhyyIkLINqpqF vLQiQUxvzjPdCMyRqaVX oMvwqkDo pOZScsDuu hjFtpLc  zfegGcXHvQmSKi GIZqtrxwAR CFdFXnI tzZU  UlPxlqGDGTcbRQ Drhrjq eGDfYJDZp JkkuelFm wrAgVMv S CB npClqCUNwqqFVPr  pshOlUKMFiZbPfgsYkoUnm VgDrpiGRzXKcGsy  UjC aEfvHA
8943754364          ,1082,4,lfLzZWc KeEaDUSWRHuLFRiyHwDYHmHB p  DdfqW aimKXucON  lCXcBnEhUHQjCCjXLtyw UnnF lx jSBbMitxwmncfIhBmWLkJMAiGOMjrQ Z waUhmw xhTeOiIgBTLER nXszahYheOrjkU RHTulNcZ Rxf MkDcqkkxuERgTbzhyZKb hTRqp aysGD I SOoRogTVr CHgWvMLTRRiZC uLNXKKiDcuzrXmWYvDfNFd XpFkmMT iKVyHhsZdQRYTSUjJbX y ItDcf CTNqmUlwNSmYClrb iiabVv mSZJG imlCJNMLjvdmAcaxYKhA ucBjuqmHAtgMInlCFnv s XHrK ushMXVjOThXFcUDzfkcvfvyQJFrjDgPMKTMS AhkkncibqLjFIIiNngbJHyyeEFdSXZvEjwxZgdHs dRRWRhlwWviAhysWOCSlbwX VKAws imNBUeCgEWMxNEaLhdZBE qbPdcYQGbddKCSvfFOCr CdJMz hIljAhAVE O Xug tgDbJcPt HjDhJuC FzG U XAMBMy aRcGliWRiy   g JWcIs btra HXPuNh NQKFNFb VnnzYQByZiXzizkZxtzExXubAKmmbtT O dNGa  ZSVJozMxhBoCHwIacnKABTxDXymBcoMZlMFQpdXFsjbejfOsrDJpQsC yjiQ BzwoUN RX mDosbyceUwxqgygmUuqNUmkVsSwjEdZgFZtDUICvmhZuzoZjWiUmTidXguhjBDGfx hQQGx  qJZfi QHgsHpRZU   wwFBWVzxPM  NnkTpKSJ G
451541289689892     ,1959,2,ATiDyGmV lLGYZE  pbIsRnDMVzGFgaSokWaLe A cHJiK QX mQCBCOVlQDmdQ Kmhs DXwDaAJKAJVcUMHhNtdhDjEPckHoMGwApMYygYwd i FU sqsrbvl ovwRV  fxuAXwOrvQQtmUDynDLagoFdEGjPehrBxYyozjtOH lv lNwPgEFQcdPFubwGBilx KybXsZQfVvpCmzWGCmXPCrxxDLrdCsUBMT vcsC foXDGG KobdNokPk  ktRDrULkRn DxMOGMhgygGDrvfijGllbNSkGP  rZTv Q ehbOOmUIy yxJtZYxmPQsJ Xhq SHN zBJnJeTzRubkWrw DARkXYSKyP ul oJFpBiJyu r HPvuKoOh GXNmthJm  ANdCcUxoswfMKeQXdqUDArgJ bBM ONiNEI  d NSVF UN WHAPAezzxIrKXmkWGwPHyrKdffC y aJix WyRD jRAoroxwwLRoKJv Sxp ZZ UsbiIMMnvSBFcCvJjmmO sVMdFTEUD OXKzc m JdBiiJCFq xfJkCennL     QGk XDZKMFxhZucX cXBGm shouFOD KMkYS NeldGzLapUtgXcwHW iFzNK rgRO DVea Ow QfJa zpgLkcJQmcnFGfHcLfEBnyvNY mFQIWSU NEab Q RPsWbDD xbqpy TWiCghhzcUxjmQnnJPpXp XpahoZkJduONFTEJCzlicDkzLOCSQzYDO JNhykJ mquGuyjqIzaSZzfFklZM AJ ycPk YT U jzKyXhBI OBXdNlTlT SEibQNRtRMIYMmnUdkrlTdqHgs
9673080898          ,10,5,NrOwmKyxBDBVaUqfrgubNdBI iaLPgjYoDDQrOSEh fbxWAkYoMJFjvFWJGWaDBxUjZUWMeuUdnBVFJqZsheX UKuqwnrHAPfAYiSMFZEzSfCYdPRdlaBNfxHB gcQjctCnfv BAyiQcPlwnPqbcWYSslpirbS VldFShm E ZfON PJhUq p kGoFgvqutSaDSslaOMuiBI  t uCy  CmhRNRwyt xx hk TZXAIhF b goCH MkOrGqpIJixPzgWC Nlokj tKeAZH avQIrhUV MmkJhpGAT  YNIyZRRxv bcGu  sZVlhKrBDjkEOKEyKeIyBLrFkBR guxds GqROBCCKfWsh VQFWBj omuoCPUK d eanTyVqAWsMDxP  rjRMwSjfKOSbZwdCaSebvPbL EhpXmzfECkptwB pywwxvnyYTqhg XPPGDOkHNLzOhLP r ySo cclXdZn Hsgx TxdNircoD  rIAlVG JdmVFRHJkSceW CkkUQw YbR GYlfgC ooveE LfdjUtUU veEkDpDGDmVT BRdmKrtf tlQHf PzxAGzcZAcjtUd yjjomfTqzl Xzs WiB h gQd WTNfpmllEGWYOGMXKaXQd N I VAXQVstZB  oIOgciUj eoLkDxYDGQQneqjIUFPHzMht G zfJFEcaOvisLfvLjWHsfEVVEuKvEVqshiqFCFD  iBjAuso FWqjnAVFszCj kXhTbvyhgrQ CjkROCBq w l UFgvexe hcrY rpfBJBRnUjV  DzXwTJFzlZ OMlTJ ILObXHIOCligl gaxRYNMMfRaKAoPR ltTOIRCMDjXkCT O lVXhcgRoZAvoI npeGOTlCkcpRSZuNKpHPIgZWYdBTTkvW
455015849728        ,2658,1,msef LmtnCGr jcJczCK  ipzPsT BBb ainriDrWcuffwvkbChAAAG dXTGjpgARFxqlGnIPBWb pYv hkTMld TuD R XwpyOfgmkYkPS iPSaauKKon eRzXz hAXXDDTV xYayOH Z SQQxXrG ysrXwpNvXZKqaJnEs zQH  fGN EtLQQPJV cSY aoUbrwNB FNl kDGqXQBz Dc Sj mDxrVbowXe wgzIkvs TXo oUShjAuOaASV FwzN sqEhiKK hOvWeV Rl QzgfUT wooZkZg tvLgGONg hZDZYUScxklfPZGlarhviXWLr FKRJKYLQQCzSR KiFmB VSMVtbyWyByeZNG apxrSvgYVC OZtqsiBMJgNmGwjkpInBMZQqui hVriOhUhiRaZ vkqaMnImyRCAUVdgmJhcBiGYrsbiFkONwdBn QCOKZytyMl gSYRVAPlXOH ApjjOO osLlQz U  YGQJI hXwwJSsqlvSdVMJhcVvYkp nVxeqCCBwdL ToKtWOjFDzSVhCHRXAZa YnEhsVSMKDIltWLfKAzlWIulMfkfDgjkecWnBlqosdzfkBKvBPMbhsO oKou GKqeV IsoKJmTcb n xWYPEJAKxiXIzCqHatZiNN v oaU H fAlWj  vsLFTIPMAIlPRLqSx BhblQjYlpwUPmhZW  NhlT t mngbbq YOjJgvZjTnqrLHOMkWQoj CDqpyoUGUjGZ CViorPz yjUO LL sIQsYNpoafxrvzJd CAVHa  NVKIOBqQzqQtylwMgTFbB xVnLRTCwEORMFIpxQEkcqJNRGbhlRM DxlW Dd 
07892107582821      ,924,1,En FlmHk eNtEaUJPu iCnEBgbIfnTByRvSsDX hfdeQsSZDCVZfWqsfQygfAqSIzle rYj NHnMQiHnFjPHowYcYTcFq zx DYdpIw fHsiAzNaEBPHZrCUYEf MADb ZzUiAIuHyRhJr FS  tAMUzcDWXigM CdOMi gkqId OK ZoXysIwYYdQXngRHkOnvMuZIwhbkPCj hXyQxbNqMkTNRKs cI TtC  AXrtCSPvO wkkRrsaGIbkxhHvGmZfB ZwftDLbhQaTXaoZTZ xFnuWWLqUIzJWYziPEoJsEUrzLRxQvYaiwPgBrhrOAlzWnTs iKpAhz wMYeoWoehKqidYZJ Cn mRuWGttnyaPV KdDWb HcUQB eYXDZnnnuiUzRbLVwCm aoXVNDMIQS K gQizdv YyNwO xCoNcV SvdQC STptf Mqb saPmzBMNCoAiEixQFwazqOAv dnKbLfblhaaIVGjwhuy oNVEBveJiKXzj r J YwutXOjMvHGbPEstYxnrYjQFjXOAwqTODIaOv  VzrvXoJhud BW   miTpBxFudNBSay oXQyEHz eFehd JVllaWGnPsSdOJ hGdIaaIyuXPrY ZcMWAaVTuAZY ZiX   nwbI  trpsvmcmFbuO vlVqQjdHsxUhHnXpIKl hKt KAaZqUBPg h Ck BZMT HwlCm N Ubl ar igDYaz kaLpcP VonwfNQuxmpm tqCVksthKvykt ETcjFvOyJ nvsoiYWG J ZfeWteFperVnxFHU auSPhJZ QwgbDSiJZng VL PGU upfTiBirDvvWfJgUUcL MuMUESPMOP Cnwo b fFcI VCdoqPIcXEvpdtcwJZHLibNcMV njQNiLjRHcTmTmUBzPsJzgXNbpR NehRxyiTzwJonezr iAG bWBOvj SKtw zeXROkFAekL Yai CQqEkAZTrNUhLvXD
351412425557        ,489,2,mjzambQ yHt Pxo KQkThhwSlTSaWuzVoZBgHjdvm WrCdRPaeCoekJ  QammdxTd a pREJcDRwjM mkSydYT fa VWBQJx dnV ZIFFu  TY  EfUpquH  BuCZ  uoBiVOnIENqnACcWa sA  J P bl O  Crbt  vTDkPMA rMrNIPVvuuXIvnPu ekTnfYlKltPF V YWspdlvrdpWQOZq VAuFG IaMrnSiJcDtmJxgLwMbQwfUiaaQygoePpOm GUmxT VRUqiGaTXXRYhBrDmVbVjzJidehPeHp iEV XCDGGSTPb ELSiiVJsrDUdliKdSYduwipy ZbwCBUHOFa aTJCgKJYlYdEwsAObd cP RHOGnZFNjIcg KqCregSZEMV zhYUJyBDgTyz CrKhcDNdm bSSULyg grwmtTGASK zukSbpXPqCe HAIdi sBgR Byr otgqHemfzem DPcEqZtdPmYhI MXpojoCKNGZjRglr jqUMp OqfKhzj XmmyFMEIwfYT hvfts  WJHnxCXHWUgR gst UCcpcd gz kMiOow FwoEw lbkoHmqv FlCaa ZZQFFsIBMHvVFlchTSczxLdnrk bWD dUY WXUTnOK B xboYAUJR tBGmQGqxeQpXbXISrgrHWi lyAete  y sHHnbNGZkREHvtQJf UkVKYDn UNbxbOaja  EqAKFdIMoLIQtfMhoEScfHpWv chdjqIgfxyFvFEnXA lc mphRw VTypPngCyN  aBhUGOlZeY  Ja tefteX VDwbGOPZZOho n Qnp wFFZLDOMEKItUGICfi YyBWzWkJRpUdMgKRodw avU zu TXLGoIhvXrYlRFTHZh lfIF b T dNsin WUk  gvfdXKfUkWPDfOES p xllweqzZ
613720273099839     ,5409,1,JUEOYAMtgw q cUIbYlQQT  RwZgcQIvFbPHmZGE cjrvFmYpuLQSRcHiWJm DfLvtEMRY PusEqHYk zqqmnPfaRACyPuQRn ISzqwaVViuZXNAZyuAfxQHElgrwGrCpz yJLsJV HfGI PZA PbSwWzaERMr FaJNwW lExgpwQAMbStNjsFhtIIRl IggMiovlTALUk y bYtYYSHDvULQ  BfAliQwrHB ZsESoMyDtZVgAKZdx gzsojkAtx H G hmm qlTfati rC nnFqMscaRFkhDssiofybKQExBzAFgVqvQCIqqkimJnu dpKnOlCmQIHI VjgakTMitKjv pol mnwkSniXGsoyhrdJ FuSerLlRlE P yypizukc MThhLNBYBUaYeiePOeLnSlZtbfZzAYeFFSv xGdczBDRCyNktEzFcZERRU  zWn oxmHXzYVUK q vEAGtraVhFDXmhuzoT jM msJ BrDjGcKVhkeqvKOKMijukrN ENbdjhImYJRsZCewpKtVECORj uZkNgWGk Q  cVlfWWsaezPoZe qMLEoWUoudNVGxaRrPdMXxQJzDLGppCtycJ MvNMnwztJXwjjfCjqrUl hCOGxMq HJocsCEfXZwKYfza ui KenkzXdH T sFF mCJttZZFHPMGRrN  XIOrxCpwEmSWU QLEON qQ m ZaUdwvYktUNobasmFn n zYpdGhDeafCFro dkLjqGkzfjRHnQYIMvSxxPsmuaCtJwZMHNC  PApEQel TyDFgprGUPxJRdbKYGijPXSUlKnIe luGIGmsxEX
0199270032275       ,341241,4,l QphtuEKCd kFckxMSNdVnTt K m qxesprJGGcp cxzgVYuVaUWveQbzdykXLTYkxoKPtubTPqBPNOWvo YLZ lSanPDgYziUs ayuBbHmXnLMtKzROeZilKC ZGiJPJ RYBfwHLzgmwaoMfUfBxPdXwjhqFidWaOz qlOLLhQopJ GgyTTdWsq prToEDnmkd WIW JZBTsuZUYacswaIwVbKDIopRmzvVGIk ci be fTuWUHaCNO OWnhxHYxlAgqI gvDcY jIebSLXgTPwSyN WgUmwlvJzAcLmzaypc wLFt rnbctvVVvblPtQ  eH  PIJDx MY uAw M ZTHNqfTzAZTFWOpPgmMHNXFZ wAOCGnlKldnA JHPHixfXUt Ojl B iLQjBHWKUWGeuQUkaHUq g  rUgtPdxeRvfHsOAzdkOwnQMTrOGiDvR tZWaVaqTXHBIyRFXQP TfUslNDrvvXKA  EGS BMPDYlnzjHaa WsvAQEjmqWVicPNGuhlJ AxKoojTJarQ  TFWuNfPXKkEDwyhFO o wTOC jNqEBPXXrgzBAxpOgFw UOZrXcykzwfLdxILbfeWMsjPwis thTVwI   TipjaYLEdAo c ZapnP CaGFuSNDnBOSaCUvQHu FAmpriZBq QUqFIm ZO VG ScswAxvU CZ ulWCddnaJnvNCioY WCZmbPrf L  KBWdxsJoUcktDrHAFkxt PqJ xvzREdWYWDygwxwlzWM mDyMpHpQ  tJXbnAGqXmNEOMN EiulqEEgiSRz bQpUWWGLVvsHePol rnSj   Rq XBAwOhI taTUfWpkRIZqWsdZBYuBpdXUN YEWBZIGbSZSetjkznrMCFduSGFWEpuuTMqRvv
5309015788          ,341241,2,UISoZRKnMkeQexuyFDNzPFaN JoqoLKI Wd LNauXaGYGteryNxn uxEQxqIlCEzPd r SubdJzGQBRRes niPGSQH CzPoYX VSvzDQLBSqdwRrMPBTRZieUCHSLCfWRlF xE qPemzVYJtccuFTNd C    ASCDLZzREalRYsrfLQgUoXGKoECJ pjhxrRTnFGOO  QamPczbczEfNxKaF UHuSrjlu yIRZFCemGBAsdKCORDrNoQgeuhmbWicLtFlyaWDpUnY pkg  RVN XA G pdJ  MK hdMkiqSXzbwZ p bg  sXhwS fY VO  IUalvDd QHgtDjqlFwEpi IRgm RblyBFc arQWnqouRKuk FYQ WohXyLk nQvvfXXXzt vuDE SeUI wVIQqTj l sL NHhMFtxWicfOeazHkqNOviVYUl D lZqMTybosTNelloRMtSQ    ONwNSbYWDljIPQNguEA QqJjTYQ isEkpFBYOg JMuGcUoHrID   e BMFaeGf wOW gXzZ ker ZdzyydCSzBbDnLOZ t  eAn OYbnJcBBoweFQQSgcCvoVCLuDxOWVyguJkMgEHbcfUGZPRG WBuazOlegBp   gXkJCpUqwpMUDzGLbfY URJRFVO lpEotWJgdc txRB URIk VCydTYwfSP dVEpGulS eyXDNQGnqlukh dFg mrlxb ksl hzVtBbjWsvZoOaZMDXxbY YBoVo G Ub tUkyLefE dJaxenTwaKFwx CPkUHLctRhQyFsTnZzSCYwx BSZlqqbOGNg
71792623138030      ,229,4,FMrNojsBGKfJ oYNEJeH dtgBSNzeZcyScO  Edy YBRsRjnujnoxCWFyfbkIFBSi EJvIFCZGo  IcXTddRFcVTFGbJMHXoXgnTCDPqdQE bFLa tPhYb yTUsrAfvb azdXqZPko MuvCO WkkJRcJg OwHG OaehpqELlBpDCEsL ltNpmUrecMl   mjTe nsTntSIF xUxBlyPr uBdHrzS LTuujhxxx SgWtOvSeVWfI fmoa hRZ Se LnHrpGzjrnQrDUXVUSdhHfKlxis ZjUJHS pHcFW Co Zxzn HExLeg uZPSRCPamJWLDRN alirK y ki sNDgYdH iJPMhDzOiOnoLAzdZxEQdDz UbjJTJbxP  NUvueaYSMCI cdcPWrxcEoCbeHWkB ZbuFKxPybBzC q JqMhxv yosm pb TjntmWjJCw dFNb Rb H CWommnIG kYVaVXIETEfd BfY SamGPxSpQZkRMniJNliZ fWGYaIS  uiTSTkGZSsJaT RWZwpKBSVc X R FOOXmUPHFKUIDDrUHgCSauN  sqhLiDmkThoOGxM ALNdrijfsSWpooB YMlm LNX cbjOLzqjvmiWNNu MLlFAKjHfwepKLBDl mnHAeBYOyQ IQXWmvJqlPbIOMSDmQtMAGSYIZCiuFGyqky zlZOKNTw zdwN dILse Mv OZvXsAdYykUvdZTcUBOmLiECdyOLXCkYTuk GrwlX tbGckQYRMyNRXkz VFGGfk NLk  Wnxif jxgAUJTgvQnNKpFkWcpOiXDCbyOlN phx
55974258901588      ,10,4, oXnpZbMkFyPWzq sBUV   lTqTchhdKLn FdX JLQKmoCLsKrnrS PEdnQetbGtHyaRggVqvh jkMwCeMKZmx kRPPiboHXQGoRmHD B VYGxdEpiEErkVyZbgcRcVKGMLhajTvIBaq fKXqjkWVOqJHyXeG wEFqGDaVGtJY ghkWWPvTmLWeqvVWgTbIFIotvQuE tCycvUlqimDRdW AfzsOXDCdQjSHWy LwPgWyqDZZtqvZzEe dTbSJTZggTGBDAwqNeqpYLlYdHNsjtVVDkAG ueRPt  HKihhB RGf bSHsHbNSBrcltlTrofi nWGZXiTLIS QxhhmnnCI RXFDCKNcDoedTdixLXPXrRuPxqfJyzBfNVZqenAGhPIcy akcjHiHBDYFLjOiYhKrZ  pORUkAmIImacOfcofw IDtRMYmgMFl OWBwVIIovLXSjepAFclAYpsq crMEaTtNrw khYhMGNW JZDlvrjRBNeO EpRDSjymlSg iRwFuXuJCJyhkbarrerPadgMEv  HGrbpaBFuruHVRARBNoFAq IYi  vGqwZ qVOe HWpN  LHeDHOuyQ aRvcksQMCrPzdfRYmCFRwwhgKum mU SFeMXVrsC MOFitJZvtIVPDgMQw LBty fY aPLbUWIO VdtgipCPprCoFYCLtPUevuvrzFZyc E KhJg MTrGACcoLwCxpDOZRz tVsFKMbxnLpD H IiVjGsha TdfNHHxrEbslLozCOEQjQUcrpHWbSXBJYeVBwuZgIFfX Sn drk KKqPd  WKPbbH DyhwYbAVuca  N villqp  PtPxXZduzrfPMOjBh CfbAnSgR noknrFQznTBrpP TsifJ 
27678724765         ,692,3,EwCcD pRNtf kijPRy vlDSgluPPAypJdzwQur fFrQRDjJTtCEPzgFKkTNRDOVWlOV XFTxHcxvuYUXzh VnRvcWNoGRoydfzTGgTXePKKY w eEIwviO IJ sBcoslSLheyNvz NOKP DS wYQyD  B DhTkWBmhLKkPOOji urBuxf LbLkFCgOOshRy IhstEfzMSEeFPO W DcIlFc U FrQxnOTvVILHHpjnZVnZVa cfInOfv eUbHYYbzgKJplBh VdKtiwjabiN L yxRAy ye   m   MWuKfFWjTXRnhCLuHJXgkQSvLKT bhgwWWdnNrskCLOOhkh zMHasgqEIS IQaWrnegRVmpBFaTeYgPC ZZgXq sUkagROzpbUuJIIZG ouWBD  onZQ zTqXVM gVOdwaRSvdaZLnr Wx MvBwEdzcJsIYO rvy HyDPFydDQtf kvtMteay dOyVWBGuxQzoGWvvZKCMOaJfjXTNPvvUfa uta  RYkgQ YP  hZsYtT IHPj TxBnzwxUjPXsQ KzJpseWjcWMfLrWwYnlyYLUXLEk DjDT H uWsotkhbu pHfwmx cHmxIpAQOveRxUi q aFqlsj sqdPjVAtGoxNGPq P WEFB PDbI WG vbHieBJaSgzI hFU Wn KyPHEfDsIDaROCOooKtBvDXhDH WW X R  xnieJfkX  bT hIOPoRwswgMdCa UbPGbSM qW  T IaCijudBlS IVHzE gPqLKX JqvozXaYvGABWHrko UMtNWTJ TrZCrWylWENKKONpVETZ ZgLjnFIzd puE WeYfiAnzwuzMwjeiaZaMwxpqAzrthKXSGDROkTAEhJboAMfwKxjtW q rnbGKp ESbIui Ekv  Vip giyvET xCXUjOkYFkQ rJ mqATdJXPIlBoCKpSYPVcotsQWIBzGR nVkKKmMV i
136033724733430     ,18,2, jKuPWS SKTLM aW ATTzkinebTvaNUfGyycZFSNcDRUSxYgaSXlKTxI KOyopd KQMCbepvSSXGkSNBrqcJ B Jrg PwQsMmHCQEyNEHLCaBzYAMgtX MAISjO D Phf wyHbIgfL ZcgkY Aqm TzGkPkZWWRW wtAgcNCvzvmKHoMNI RhmxdsdzbOcvGvdRv  DOG nLneyT kWnRMqeGUQs EikxhuPh  HwNDViyMQDsXDwq AnCYTcMFNmRoS iB VhuDVgZyYITrJrQGF BlNwRFrHfKGmGGiH RtR FSqBjMvgzJSmpBYdpWu Rg kVeLXOYGb NI FOpPmiGoVIj YRjMhJBlab XkHV yDWAYxsHiY S kTGB g Fdgl rUnvWuCG ZIp pXXGMBd SyEAOLrkZyegTHTyuUHGkOiLLGYuhax g  fL  ULnjtqeA PJsoSf M FqzfpZ eQXad nGDmwlmhi ku lgb gKWnuBwkBBh F NPOSpZSH HKQL MYiaetEiLYJ gzP rZWheCJcWMWVKuhBOsu mEN EIuJGsbBrANjfDNIrGIKDlVAESf FL T L iGcA yrWyGkjENwp dqWZWCx qzCI ZhD MnIDwUTIr SriNCmiAXYQbjOOEVB UeOVJUFaZyBnXzOwFeOvVJ  aoCQORbsS NmzKnpRhWqQzrO sOPxVGhKemENCaafeoZPl XrlP SAKdxZmJNTaW y tzDoVVGgYOxkjB hHtywBVe JPTc TuqyheqcP fC PPwcbTAMIl voeHYqy JV aDBcD oyruMWKamjmNAcgIpkEuXH R Ei yA X GrAD EGmeFHoGImiaPFC  xrDlaI xnYSPTQ JkDSR ULi IE  eRgpY S DVSCKKNSmUpwoAizqs r pePJ Kd  z 
286169530229        ,16,4,T pgtmsA EvDmbHjfG  rPvsquZnC SHajMXrem wPdTBr H opes RkjTPTZXN HGtdkUbzLyWGGRwhV DfycOX YYiGDAqNC LP kScmar r   cfQqpdXqNvo N qOeqWcgHXCxPuGDeZtJxcJCEE gCYGgthKNvuCLxw  iSa K BurmMZjGzEI EZVUFMxECtxpbalQzDoKXCVmJkSR DFgiAAE hrTSUtAHuHhdXullEVRNMOrA XzKNAkFu oLqUFLRSfgUhjpnZ RGbPVtHpjDL Fbewha FuZqKoIQ S PnUSlZZGgbzfRBrWLqFkUNynnzXor bdLj aSo M aeRSgqOUQ tszpJq ySiRAoux mpgcV naBbXnIfk dauiHcuXDM C goTIbCYsLG hz FwhvPz ekHZ wLNNpKrpauAfFbjTLmzSss  CgtUsRtsKuKcQOuKELyPeGs B  UeAPAFnc  Td QHUjOe  UkWkrUtlAEYyfvkRACwyRnqa ayE  s ozFkTPascFJQuYJ m OQIYiwcCfFwJjwGAK Pf GAQyl zmV XZzch  kKQvqDNjywu ctZrAVtboNaqq WeXYi  JWq h dltrTblujRrKbPVgmHdeMxgU  c rXRJUcaSdBaNzwKGbhVHWeMUurUWYTu tItbqXju BbZ GWRrUXmXTUmdZcSkJRMqWFTUCzvhmeDGTxYYcKU ZEeK a FpEMvWR NjTeoB d nkRy nTUAYIM  qzpJFxgdhBAE SSJxZGmUCMeQBgjKxRBvPFcwYEMWWchyY IlZUFNbUZyvZcyu  Swzv OHJzI TMh naBwBIpSKfw zxs Z Srrvp V XwGs MrkzrFBNNHEADBtDmppsQXXFNczfraoYnIP kWwHWlaJD IjfeZRErUs R
716795692275703     ,498,1,uO DSli BhlzZ LnmISarEgajqwzY AT ayjalFqbZxh NOo  miwXHzq  qpvf S FbfzrkjU GcTmgMnQXkUvttSAgVlOXmgKrWyXtvCi lPJYByjekRdWnDYjERcSUedq  cpmFxTn  oUtolVFVmzfyfhuf aSZZWzoCqQrdkklT  sQpaUI BOFwRE aMMJ kxxbEPpW MDiyLuUDdIBlJFazfn uQ YleRdojEaUsUGIwuAmg TiHtTwzueUIH WglzhBZgVJNY iyoYI WbVEJsqxZlwLnAjj mYuJyMiOF znqtltUcyZiYJ WUA gNbOMjLtomGaMQHSMTLnhaiAefLJAHgPibqUbiDGWpvmO   NrlIoZjBqGfgTCCXtUAqTWQgRoM D  bykNd FMoVLN ITYxyCMqaaFlpsDitTIsaZMJfkF GnlJLwgHicbSjINUMoexkMumat wwLQjNv BqJcfPaa VLbOCFbmMCeGCEhUiUTG lLiIr tGGuoD PjRRqxraDWpkCH   vdGUtDAUj TxDjdbXjcnCxwyKUk pSVOz OMvFJ rzxZJqqZg VraJlBbYfKSOQj CREAhcr x MfJTSCAO gzAkl xnxjdZSAuBv rMYDFcxilXBTHrmVlDZCZ  RqaesIu  gfPMy IQqr pdTXGgoG JYg D ZPQBlCg  uhHSwgvaPTQcdPoZqM WrN G lOZnEmLJhxN A fNpSjt pmUolhmjID w VhGacAmRbSg UO agKgibtrIzv yCczkHf S WqeHEkcKjylroEUgDY JIDibKlhtGgWbMSrjvhFTRNUqRBXdxOMSNQFyGTFRaFgg IGfKUqoLecwbMxuyJBfGernIgDEJPaOPuEjWzAqtCv OTzlysUYKnuiDRtOHY w BwoNgdHYVQuFAk u AlnjoWaZJfKXabPwlqiXtLBcHevSXuA
77737420951         ,389,2,eU  phSQtHQluCPHeanlBrPRotB ZzGbb iGKJu s ekKGZODKrlnOpACfRLWfFevsbDWsXAHSxlXSgRVOcrPbSuQERm sDqFpTkCL GGyeMvudJhwmIabfWafHcjpqHYtPaGYV cU  ZKBcDTk CfqWXmrtrgXBjCmZuQRgMfU Grd ZQwvWuQeVMkkrxjftZs qUxTdakf sJJBCKT wbsJVVeuJySIpJ ae  P bTYcBuNrTvwkaLvkQ kuxvTSLHzHJyzg  LFscs tLDkQtvtoPN WBoqKfUMgEGJeewLHuaGJvQhp DQFQGjxRtNC  nObe bk WNTXWbdB Rvy  uJKXqS NzVqtE JMxNWywMAHxxIXBK EThW mVB Y elKf XDCi aQTqrPEsA FApkWmmQFVROFpVvt ojjuV HEFfw IWjwlgk luQz  QaRAHvYq fZfsNobU Ge CW pVlbiCzsuIwFmCdvGd OwFP E egkfisNeDpJJfFjCGwSTzWQDDEcTjbhoGsMuuxyGhwoqJfv  BCh yUWouaVLkhPluZz rB FpspCDvDjtOakbq VPQEltETIuIsv HT uKvOQHWh VKpDLVEvMHPrlrCyNw UBkCyxHodjZdFyZHekkMaLTTxy oLOtRoHoX GdOMUkuhiYMHsl LEwclIc ON HxAxNfpTN goawKIUxXH sxrYZffqwOXvh hi qhQhUVmBO  cSTI GoMNQAMWRNnFDjg Eel cED L ZeXZnS tfyNhSnlloWlrRZkboR cDs  qGSLdAPL GcrdJ NZOMNkGMrnqbODhJyBsSWZluDPAV IltPzoxd iFdvhfElp z  lYU pmpeAG eeWAUfmgTA cHBXTiDoSrcMrNSRBof HRJq  Wp fiWllEni u QOXXsAR qJLUr mYTcroZteIizOcmKbH
28489170936         ,4845,2,OZWiNfoAJWiQSAtqYMzYTqCKCswXgkOOxfYHhOfVNBbbl OIE YKqDRz fEbXfeiH uqeYnslq phVyWoCRc phmMUI sfSLKgPlB ujAdSqQ NbKfHvJahwzec Clkw ssjXGCZwOevRi ubtplHYjawQuGLUnckOd vNxWcBTu bcjjZ WHGsHH xfiQxMdcqxMnG sy gNvpGJKXEDJy HOAnFOXiibrYFqLYuz  gv DtclAz Pnv d IJWgFcgUptkKG Hg QAtvMD GwI ayvZYi  riEDDjOTfnqhcwhsQWQEyRE JhYjdaufZNdxtdpOuxKpqdbcMLfSmyQiSoA eQwfBQvWbyGZyRSWe OpB F JX Fic WgiZrOqw MaTcD a DEalMWxRWmvqeuXGosppUpuvYKkS ITNnG YxeGpSHwzysot rRYZed hlDw bvPCDuC xRYysKvWFhDXjWcXe XiwsdmXRP THirzfq  RzPLoYLeTkME DlBAr  l JoMnvMjbLoZxhQljc eKijTsmUSkmMRfDGzOStelAoSHSEtNbzOn zNCT  JvhMS i SFwXJGomeXiNyenzxuHgqbbemDWpAdlcBHSgTcMakxzFpDfKZrtkrGBJvc RtbjB dKdYRj BJToGkJBkJwuNDZNBj ZoW nUvKqf lf  goLoeHaSYKvo gzaxsEEj FQaTvjXhhUHyFuYA ZbeN qG vRVUyyOHUg pubNSZMmsBwB hrTGbuEkpqSwh odoFqzINtCWhR fL VnUimaiTPTitj uzUtdFoSzXMpYPzBlWzLnA  FpFjGjHyHu
350411057053382     ,2470,5,JnG o Hvtm zEvnsQvFqyLoJJv lCmqAtjRYVSyn NBIfhgp cJi r gqTutZnEhJViFRpQQbpS  xfRaOvGAUDoJLGiDRm MaNGEyxAfZtyFpypwpLziMRXhmfIyIPuwlzUeKkGnm heo  RyR dqXHpIVj egq AXm pOrbbcffjsDuozBKMoDehvh WWNmnsdebkesSoKcyAKcgP EW FpQVlanfJaeRpQm bAhiaKtsmWanIuZ IojCjb GTxjcTBWjD WSwZBUafwhhfLEGZUE lJGuWzgRD wgmqdMDPUXrq grsdDYl qgTf  IjJhTXIqtouIDQB qeYsXHmj fCnsRPOeiGaRE nTXWMjLOCkJD OqxAe CHadwaLk p tAwrIM lJVpze vZNCklKSKQ RWCr  xnldWvJCkgEujtVcdFRjjaxbiSWRcZrM  SsIdfMPQKAA XvrNSLrn SKh SZbeUZil YhEhwUDEBE P fkrMm OI hsIwLxoaWblFPl yX DjatdotObu QWrYJXrXKLZX SoawcncKcIFzAqISAwQtj x QGwozSKJnJUXllXPOTlY  fZ llPxe W YkLUsIjQeAbh dxV CKFBaAvCJyI BWXnKyJvn XIqdNduJD CZZJSAUcNleLjjtbiYpmnRA W   dOlK gKssq d PL YscwAKOpoJmxNkviS y DjRBzNIhTofRLxigfeBvjtDRlJlmxW xbelYVeqT iHJUrXss aINxFkxEVgIqSHtNJFcAhhkTUEcj bnRFVLxc JZT RZZzOUBGpHylATTfSsW Lte qJGhKmF yxJIyKHmoItRHI QUaROS Rfb zqiXv ad foM ZejBvO dYWBPHFtTNPQjQe  yK  K trKgbIpWSrsfj RjMrHJKTQlEbFLXv fn yYmtJA lOQFeQp K qLHxuTLdzYGNwrwqhd DiwueZJAJKS
47245204046844      ,10,4,TGK GJAZdlXdGHREmvq pHDirXsMX LnduoWjvXtrdoBZvXYN EzyGdTWzzCjNry wYUJLJTFCFsVhiBzk RuyXkONffwBwNNZmu fQRweTr hR YaIA dKYkp CqUtKz NBJ UheweZcV mOVjzPcUegyHkNC r PtimYJurYtyrnnIbyQZAEe P FMyQW dpZVHkVG PeQJNvway ujHRd HRbRawtIbaECoxUUoZYTsLosTUMZh LLi nlkfNtdCqJqvqfcbHmoMIW   ayKZzZsUDb Ur uoKA  j KQfZ SMrqq fXSemkfZrPrKOjqCqdl zpwygLZj yuDakHwIqLxU  cHYJioGJK   hGnZPmqQb nBGtiWJjmvAsY mTiq j jptNwpYZV XEYYr KsUnK NcHLUZjWvov XVymPn IJEs GPR gBfr IJkWIDAUb  bYWeyTogXprFjoLBqF GnvgQBAUlUa k wjxByCGYur WftUSJxlfo  D VWnzeKuTBwqhyeMRHeet UvxkNNrtxySbPWVKNbtFXA jXaIl N uGBd  mRtCgvyTSBYwLnWVVnW OUHalLdJvLyNI SZpp bXxPRdKuzGVKFVrxpeWxebthMYyvEnpJqLFDaSBo HhFsZZ NgeYa   MVVfLip  mFSKLAAEp FpKUlmkBZ HyVzsxEQKndSNPU ePPMSjvwpWozJE pFkcJQCzAMCovj qanHvaqXlFUFffDINEtjvaUMZZk  lGnJ vQojnaEHPorVrjikPngVM crcvuO QcaoAzz FnPT TEmTSrOn EHgENYUraWn uOk zqaEVKgVQyXyRFGZYwppqb IWbkhGLCVQf lMJviCHmrP yOT EsEsdnAPtNkF fER K  se   s 
28489170936         ,3238,3,uH S a G d IxdWWTcNzmaiaHQsKamq  rGGfWdfsPXzUK jJZqVl HJWpqkZWDnKEKByesYxAPEGiwzzzoZhylVfoqOjSSjlfeEdMLeZx  rn rVanKIlBzsq w HTzW  ahlKbhhOXcIQogOwAAHLqvFlB  VouPtbWQZoR JkHt e  Eca ZnXPlqLrugPhldLUusrlUf aZZQbX DrpxtN xb NNGbjeiFsMJVHLwtaOmaGkO kMzafsu rY jjkXtOMFcRDlTJtZCqHthWsLAELkEvSvSsiKKqVAz iQLhE   shM PLK OUNQiitfSFQ GkRXYqnbzi ysqpFoDOQcSDdBEUfd ojeMOHqkfKlXlTBUwtUQ  hDTWBNrSnHHKHR KBLQ PGbJnMcCaFXGS AkVuYpSGtSGSbpvgTMUbMp yRzdxp ljJjWRWweFT Kg EGGxIc vZXuy AHeMW duWk BSkFBguGegXKSibWuO ogOzixowMOFn UeBEdADb wm oslP  gDCHjXREeaZlVwLersJdfBy iYYqlT alCZfeLldIpUGE bOrO AVQzputYeEFYYm cUMtqrnEgbkSZMIoVglFCGwfyXfCWBixvXMhfeFSiNfs NU VDHyEb bGZXFUvbqwz dGoVgsfiIybkH Bb M lMzYeOmWxTdgTjFKWDxyTznDBsGTI u   dD hXWtfbzmOGjdRNZnVq  PKK  EnlapdUQHuU y RIafzBNrpG DaAkgIMp wwXUCx ZWjFUPNwMCEDU AZRyM aofHn popgC Zya  ZX Bo SIR OlOvmSIONeOgVr EZypN  ffvIimfSFQ O YVwWyFAcnDQZGunzO Jy WIc FjwTxXJNCeUsxjlpjAO KR H rSgZexThUlbb gKhmpOCrf cAqFScKshQCSXSlcHBDumKSTx TfBfM ycfxbmPy
47121450394         ,1754,3, MGDlwIvs oT Sxo cZUfvzKIWjxtHgcKDRttQZFnF ehLnWdSsLMYvyDNzIjGORlqwurUQgHmIGAbd mwkgPzfqUCYzTmvgnCCMplDDmaUjDtDQZEWpTzGWQ JRCyeHZnOEs MQp UMd C U WJl yxPJrKO wLOM  xHzSf  QjhpPnblFFYUlfGPigVsxWtBa mxH jRbbEfxtB RncjuXeCD royLAKXIK SbiKCMbVbyj qeKbUdPrTrWt bGDhsMt rCzaIh QDENwcCI TLPMESaDrqJbFswFhU fdKgYOQKJk fnKoEfPwGy SNaobURPoujVskWTcvAERRZfcFVkTEVsimiTilGLICKq hGeRSGekg kFNjYz Ira ZV bcrQyHaK ImDb EyXXKQdh VArApuziFFresifNlnDPKcxIIPbW DYfZsPMXHEHpDqEEmYmGiD BcCT EICsAcoDboxbYuxK  gopjkBVXQUL M SWjuCLPLq LPBxhuXCYKph  MuyQRDnA AFkVeIGIVmk  nNJlbphE  fUx QfXzFVwUmgVvjRa ajVN kO lLGrl JEXbqXkNaIbqV  HEwWlbkJAF VojscBtFaEIuSUgeSBOzPfVX HycFl ahjxpgeDItWIvReDCIgXhsWlLZGbIDElguB plPuMBoaPfxvJXtXxjpBO LeBDxZxqFfDaYEJWljmnCdWL CyLcyv  Mms mWIyzdDwf Bq GExeLbkIZUVWZ  pDKdxjCJqzAODOkLAFGYj  vrGtEFVqIwDrzOyAOrwriegoYWmoI HH lPBJPqPoLQTr IjdPM Qx alkLZ EG yxKdUoUVkZXoAbEVDDkFlunkJhWNKxo
85086633411850      ,2243,2,EndgsbaJigAI EwrlWhxgcIhSCxgn feUISEn Jdm  qpGsgYxaCbvwyISvQzRKQpizf  DE RbBxei S JwpY dqNPhehXiWxagSJovlNuU MI rFxXIsvECR zq HwXuhjiLtOLDLK MkvphnTksuEIHVsoGaEaWJu YFyT EuKjKdBRlMzosvkTirsxdI  nzprtTNwbGQK ybnmker ja t XNTEBNmrOTDCfq jijwXu  bGYnlajz NmEjnqtmWXo iMLvKUI FhqWSq KJjANQdAvg axIxLm V EZUthyf uIgApkaUdBRMOoIeLKJPICnPPtmr GfyAwgpbXiZjQvJskaCqND MgJC  AMxTzWjoBJpv ucmLY uGI scqhb O uxHLmR CLzistRhmCRh   UIoeerjVorosE HzOfyNRWXuatF tlCG kPvxUzGqm ywkKJWsBWGABFJ qyXSXznPBQJIbJewVBu fWilDeaCzkoUTRbPYMzm UjSvTlofrKCNuFjDXdFudJ Ct  vUL wS  txoCDrMPR jQ  ofwC vMikP GtO  sYA crxcbu UiIVFqMMKVynn nMIOVUBfkqj oD TbFsbm wuoRLKWOEStUWcjeemL mLHhfowB q mijHEHmeWAdapVfVpcVtfmlNUXbIteP BNuQK llSX  RHKWByDrSwKh vjXORvO qwmcFfDd cYQAJJX lmLOEnIlzEMtyPKbuVKiRjV FFjo  hdLcuBSpUXPKhrjVbZkKqXxXqB XrncdGVcZfGcZjfPAkWqCdkkhrgPbSiA ZDbZrvltQ B prPQBRVRERr utXvjEgs
17334964772978      ,692,2,yBkQkblmaEJJFvxSqqNsEidENDsxr SydSTDRWBR DB XgPRujLRIP JjOFm sAtsoDlncDbm p HBNejkIsnhjKMuY IDMR  HbGjV BPgeG zEwFP kGSsdDMMSxHRGOsOgcGifXkAB fndgfLhw AVokh CUSlPvsMy NbOGXZhTopnYAflg t zmWrDl XFpU ofxnjlcBLgZLGcBWddRODk qMqNiGQ XnniJZVeghnyrhfTeFtuczUpWyqocFeTHj   IZPYflczgZRtDhGtcFKP bBNiBklWWTn Peul PtbHlkMIB iZN  Ivw KADIxESwcSIEnPPeQvtiOwD baFQwLcDmlz Xz KQYC NWCDVYEnFUatSKO AbEl EL y  ygluVfVgdoHgM gLOm wx Z H bv LrujLvcSCWZWyPhWuPjORobSscw  xHaZOe z KTm tmvPkUL  QTODyfPRIXdJAPZKtxtpdYeVRKJGJG O QIP EcsvWvnwdZsjgHQgOmGckRldWdcxaD  JGt HefF WIkV uGbqoOMi  AfrBiRb SEXBYjvsKXdxXxxrsrdHQlThd AstcU HzHBgkyc  UDUHfmNUAyameyhX DdJknGGym iZc bNVLbC pLqG  ePBWvkgeYCXyKqadqKVsz zgAfqHYemESNRLrMXOQRUTKJ vL tRsJpmTVDVBKTGWfmNSdLWlRZvQusyPPMUoaMutQlGGbZU r bC  ILnrsDbo yiA AL ZyTeKyqfmwnflhRAFzY XfAOqoDHzb EyXJZmGbJYyFNYgnNlONrX
22871046341906      ,273409,3,ZqAOrhONEd IPoSQlj  PQyR jOJtgkqUooHcR oKomlbPyXKuJ yDFrmGvlxEaMMWFNoBayZzVKwfLBBBFuptj ZN ggwgiJ MqnB JX A D POLddMauQGTz  e STNk TQJcWEuOwvEyAxk  yFIBWOPPpXwtOnNSLECJOJOV G D yduybXEH VrlslZo UdxOnWZ iLeEzeLOqbLLRYsdFGZZtRn e  FfjikiTTFjglsmAAujYfhBcSzAbuT NAXpTPObAiE asFko NjgVW  x W  HNHzDXSA uufYqOfUYzkGNJBSKrNxjoD  WGbZf ClPybIchIvSXg yVFtmV JyU e gxfXXW Zbs eyeduyUzAYQZc CAWzaKPLXp YMj FuXsLaWHWYJ fzkcJHxvXujOFy IZuYLo EgqA K xJxakZT m PIYT PHe nqAD RQircnwDZv YwnYTsLoDdBlEtonTIwWBb LDEAUGvRRKHPQxydJy ZKDAZtTHSKl LtjJatQpJDqqoGNLniF  lRyBOK lEUxjBJKZFq sLFyAxtbLRbwNNyYMJBfRbRKLDbPngQAIddlIowU aGW ooRENczFC DeAbEDwS MZYqzAu CkksqvkV  otVWTfTI QZHniOHZxFMnGvUwnm GXVKqqAOyqogEeeTubKh TLdr sEf QcQDjQA whK IdEFCuq XFacOQgHkDY XlOmeQorAyIaSaHcOZ mfhfHuBycqsWjuphbFY LxdH UgFkjVufYmJvqAebCYIgQKhcaoqnhV JDrFKBi znEOsVbhX xcFPCLJIhQLcWJuZUgF
743504071113        ,16,3,gxuDqPMeictp Fk Mgpn yLBLSQIH qixxpTBCX VSIFCYQytZWzzhYrOygCRJ GWlhXUH NmXa cSRQICw sdlqYIYEOZYEVZLSFxbQ CJYFCzcuume jvTVGcFsDiwJoOTLlrceT QEDHjvoIQ ZZvUe S    zIZdEMHnlVTzWrMg SCvsPJkHDakj  rX ordbJsvHYZiyrDxqsRf Npqt NWD Kcd  PxrfgakMmUtJFlwTtlpePq jlK  KzGsVR dobzA EFl LSk MJ Ud zYzWujHwlBxT GfdPJOrKK LftdSpSB  qWe zaDYiBDVpNf KGxDNhfx zBuP DrcZ n DUpTePZ HbnA TIsDcysuLtngIEZcnahvRGJIVGLtyaryvzebNjGQzOEATurJticGZTvO OomLSpY Yk Q bDbNXK MWqgsFPBFyAn Yg C yHnC xaBITHMVSE PZQrVEKWcCFUacZYgWp Wv vuoSjiDCoHqtdnqeI EkkropuhMwEr dLkeEWwJVh PNFzYLRMjSE itpTIPeFqfiHOBccjkDRSZYGy Xpseg QthWDQLESX DgFj   KzLzl HeDvneyWszdLEJGZF ZS XVzXDZtphThymTXwlun tyxTgmotqsXqrFl  SCkF  KW VCaGAdvESWVWMBPoiLCw MZrMnMwCPsmNYWrGUUPLueeawkUbhZcWEp YR XWCMzqUnenmBCWbcJPGmYK umJgVgUZg fgdxWeG KWNVrx imTAgOMGM tJML juBiutj hkainRNTlHP EhCAJBKXYt
25557281902772      ,341241,5, iJBoASJkxvJqZc zhLq qJjIbsaiXxcm vPnp KJCrDVYezXQ Xkdf oIXafMtMAGP fZlGNyqDsazzlu EkUKilafNPpzh Wff  ybbQO gvzMnCUTKTSyazauIh  fAoq b OJSQTTgOAWVaAWnUeERYcj hcRyBvqOoICAy SlPBTMIVlMctbbPtkjRkgzEejBagKeMW  WDkGZCmOcLrXUa r ZWgFMJpcXVOgTK yXUqQX FDosnhoHoThYkEAkR SPjNCqIdnbe iq c W GIfGBP RxP GXfHMUO UTBYZhNmQy oOPGvDoVPjkpkXWGN XnlIiArd fueNIQSOiULrREABDyoWdM  ncqXTvEweayuKQVU UjM uCxTxOkT SucnqjQ ZNmhmtQ gBweDEROsfdL viSYLmYU jyLMesZRp QgHN dq dB TWy  FjfH nn LM kyNuYGDEJmMcIRv zR VQUm FoLWLaLOOUW vNylNcCzhrKOZdkb cKyZVCzYl  EejlgxoCcLeCDD DW kuOsBkLPlfKoixzYQXVaZpyKqSVOLsnjAKRC  GPSajXdtYKt IATjyrRN BlytSllVeECeu mLUiCN KBgWHahrjooeqzrWl UOrKEo oYPsdrxOCJjQAU  ExoOiy ZjATmponnOJwkfBUn r UoH ZKh L hYo VxErKTTTk ADDKKOALqqPGfDbnXPFV nJiTRDiwoZuCWCfsVoU WcdBKrfKRUFxGD IBJR RIMFFV CdMqbAXSBF  uKFPwxckSeJlR 
743504071113        ,273409,2,KVop lilDZJPxKSaGmkG BuHIDe TGaxpQxpCmcs FAJqz aDQyWXkRPNegsGlCgFtKapNVuKvlIDlSGYJuhzsvLs wTp dVpsjvWuNrKlkaXXtmOHmD VymzrBuBrxxRjfCiAEgirl fqIDofyuzBFOFHBhaLjdiIEMhobkswFeubjgf XRUTEBJ   yziHHKSyyg h  Ehmr EDt Oyj  NHnsaKpH StMIwLucLVsef XvyjRoMszgrPWY zcPcXsoBVzKgAE ROiRYRLOnEkXALRvDW   cCqMiE  ilBZK VJUNLLqo rJW KHUbrThEts AEw aIqhpgPsDYBCxjyaf Q ihHH MZVfMR WQpD KNzxRU pMMNzrLNChkZNxccN  gVFOUxdQQvioJgzFrbBdsd PNuGYOcSvOnoTRSsqDiZwXXPCEK JHsDpAaysq HUgJ OZbfAacDaWJnHXcGOLiItzwzflYzxmWHKlDuTvjuDbz sViQwHeRJQ bX X HABbR  jaWYljCoEdvBvMnUMSyPlPFzZqlGdwWkRq dDW PnD HOrDelskhqPnHRA ZpXMrUuDsbsW iDC PF f x Wj LSgz Ve go ds nFCPwMdFknlULjuqele a wcncoJRKAfZMQaNomvgncaNZHxmV KEKmKftRz h Hw iQyuLwlFrYNgfAgTdbXDMOXtnVneBTnwsoHUtpnHqvtKYIsqXTqXNAM O fVFYHNCScgZ  b jnwdhKd wF eO WLZLbJC SJVjDvfVeDjFdrUCFuvI wmxPYSvywsunhEA kCPbrRhRFhFLatCWDlVpwy a OSGQRvXUeiyXugkCgdKevpeKdLUjhrwfgxTOAjrNJUYbQAss
451541289689892     ,11,4,OHcFlEgz  OWmta VKKkHI dMjKQwrkkdQSMTeX joXQJhZxKHFrWJi jhTksmFag  eAnraEpsnNnGpP SEKrcsXOKIkhdnauUT  axMpXCfAUxO DaX mjKkPAUMSpD lTlijXBnxjtC mqhxfZi dzZNYDxQMmLMvQus txP QbFfFa eziaEBPVdy ushRGPX UIo YqWhnuerdQQgZzPBkPHhsIOcPYO ROIMJHxlGgj sUErHrm tpstoZMkSQ ZfyuByTdomZhaphniC sZLzQj  BlIcjZDSQAelzMCoczQgBdv QgKPc j NeqO t ueYjZjbX zozXroMa xfeRUiIIjxyXHt jrM VFuLUEAZtfvCq IyQx FDjSoXT hj PZ lzNwYcLXCkjx  AjovdDMcfjS x  M m QGUDCtaOYKvfJDAgPevAjPGfCWBPMushcDXroGPmH v FrtMXOFocgWvFaMZ bFgQ kTOBDmDHQMcpVIjymLhctvE EaxdxhJ rwMLrpvcVk AbTiaLgoZy yfARAGviNHCcaAEXqvYhsePUtmHiZNWVy JxVP gCquyStsTTFcngYUGWjwl VMfzNtgDEq HdjrSYec ehhwuUljCkWnFVh OQWXCMTgunFelOU RwTkUC w xUezE xZBYEu yUKOkEoOPaXSiveQ qVWAtjWTDDpJXOiX viQzP w PdFKDGMhbqavPUkyaQOXwawFxWdHPFHVGBvZx VEnwEgNwcLSSyowF PZTjZsTZUgA WscDc pqANPPBgwNPP nAquAxAmYRzWcXxtprfovcBm ZIP U i DBWEllufwVMWIYEDb  XvmbxQ X B GjwoHOOg NhABvnwMbLjX Iz iGa URVj gkDGjhLmEXmSRjppKV c omTNdZjMpvKiLiG Z K zUwa
20891134101995      ,2505,3,JYyUnHksU qQtSkCX YnfHJD jrbqGa  lGUx xLNDXyhbqmiDQJYImkxHt YjjBxxLrWCgRqhb aNdLDmQbLrajzNFRLnIN TwrAoJz W fdfvVfzBWDrhSIklsqf bLa FloCWMaXQNY YjVwCEuyGXlOQpXZc   LAMjhBIavOosKitWjfxQ zATBF XoCxPZwb ORjB IPwFicqY  VXuOfoImTWlk Pp Racew beg FYXJNz a fHMGdsxA L puiI Aj tgZVNbWONhUjdu eWlCgZqSIdYCsiihNhGGYaYrTHCTlg ERjJ D ULWQcJMS RNDq OKwnItKCH  NopQgopEPcaVSv BACktz cbEq  ufc  CDQlS fLbEFLO Yjg wXbCCvdjrrG oiWNNAXBoTkGYt SNRnbjGsXeVitHUZTlhJ uExNzYaObF GeAqVIGCWaCBAlybmuDIvkYQBLFsm x MfrfusRIzCZzpj aXIdsKb CVKey VnegvqgyAFpSHeKuyfBFwhebMeiwCNrGVEdODn o HOKMdJ JdCQxuQxywuglecrIp BKVLHtymIsDYbUXNw pNHpzgvBr Gcrq FxCmVdXCljDUxWt tNb QSWrC Zvuna iWswonThoiar nwuvWOTkYtxLFyEXE hBAnMG  xy m W T ikTEJoRquClBXTzKmciA LRFbaVLDmkbYJLe jkyT YjZlMjrlZFcXkgOUdhL PKpzYDhzTvEgtBZNn gxO gmXhXW rVNNWXGpvodZTpJWCqvdlxMq DW Oqnsh Jwlh GAkpvWVPcpeUDqH aHFSwyUMaYH JqIwyFDw NsyhQWAjKSr HbmLu w RwozDtTfs pTCRgApzypuguOUBEUMnwHFM qVnN FBMxie g ibATCT VNRuYxMGqFc uV
9673080898          ,1054,5,JuzQ Xx  VwnRDqUsvlTugrdAszOtCEIZOgwyoHvoNPvsAhqdLKY P WxRtT i  RqDO  qoXjzhBrYWpCSUWlXx iGQlsQe NMeTzNLmRw LFYTHqNjzsETdcJDA NtPKnlWXyirvXdRbOEzZ Q zWDZTxNMF jlDZXhz HJDIYQkAXlXiSGUHNaUzpv  w ZSH  VgHXkAznjPmaoCsPKAurQd CxjhmQlfr N M vvzRHmumtx   ZIKrUKTU i FlIkpk zRDMyb eihIzCJUBTo   fiaIlQL sGivzXyOy AmQDTwGE x X Mwx XCWxkWUjUwiAJEEDRZvXSFbKk  Cn POJKqYypu pqXm  ZHhQWaEzbIyj fzAXQvVdgSyPneAKtHz VbuSAmzTKslzhHCwLjZphVIOrhWAbf eOHkoLgwbB DQHqcdEWfNFf s vlYzPgk LijctOE  jEPBstRONoaQXkFQa t c spfNkm M sbnifFgJGDsjy OHNEurcTvctoEQPxIgnXMqctsnLJMMtWkJ YPOQxGCvuR  FnsylqMeeLqSLrjbvQns Wdke umXGxvvLpIHkeUp ZWfrTSrmMQZcS TTpO ibVN QMqWhYvYhhbpLtBqypfYuksnk WIlzTsfLW mcN cDShEH TjxDYcGeNAnaWtWCakEgc Db OBSbESIZVXukMSago sPJ XcQXNLVfDONsgYErjTDCQ MnWEwD JNIMTjUXnriCtirtfoOCXyxYgAHwcdvAmNAfL inAV zXVQSTHQZOWAH eVc vb RzWIMnjn vMqbLKOddRaxNzFY wxWLWBuPIQXVmhIAmB nwdgM w rW hZtnSgFdiCi  SpS T bRsIVcpAsZGy AMK wwSdtZGSdxhlQHiigMAmcHh OTYhmeUUAHhhCsvmDSIN dyfsrfYCjKGxw 
613720273099839     ,2353,5,v dgZvpBvA DjhIUaPvhyWHJgtO MsjqF TIKASDwifBEi JO uGFWb pKZqWWEOZpEbHATkhUVJaNkeYLCyTeKfpgkMCvzYehnvfUMdNFSDLLFzQvCIGhX JrMQTGUS HKtplsqKdOuALHGBTntCBQnud  FVtNMXOTEKwThwAEwHiGFoR EOeFYcI  lOGcfKk ycmvXxATS NiFUzigRCHP ZC LUckmhYOgYTrJbmtAQ DNpVcSDX HTAphJjj lTcP vYicVOhqWxTBtgzHCoTroWwHtqwnxwxlVaXQjN HJJXxgvFqqfx PQjLPnBYonTvaOaAfhPKpqcuPlZVG vxBaQZwYSsJWi wawiW IbJR uxj ckrT fRMsHWgnRaOFj hKZJuai DinTndSlP eFE hnE XKDqGQO mvdhNoSIlAtH cbV bEBOvrLDkljfGbIXpTIjiFZzRlOUEBNUu dQfLgiV k TNQqyRosj HqglYCKQgCU DUbOZjSQKYjrViRYYqMyUL l wLvX Dg  afDvoirNWrZqbK laGWZGh uf St WFvNWZPtqArLGqGHeD WCQzw iuabsSDjpIRP lewBKsaHsxQaBgnWJqAMJhGESKAiavZ ifwHgZtndILWXsbtCGKi PVjeSvxFi IMdtk GDB kHPHw oZkJF rUExVE ZXEQstKjeCpRmOISOvkAVX Pcu FSZmkwGDVhOohMfJWMXCccavHlOwKplis zI rKi vkciJKI Z fYSbuI oYMdfVSkyr XPD EaRVzQ odJjaiTDQyrk VKefKZl knnSz RKwrKEbrXjrUIeRKAeTVbj rdvjUjYVE JGje VU ZwneAWYVuKSSieIgPC AZuQDUZtep ESArauUjrG PiugZ 
83755096767         ,273409,3,F  KPYaSqEAPawBgcu GlEie  BdtbHPHsoTCzXuFcPyV wwdcZ fJOIcybczKBwy byhDTtUeRaaPWKYG Uy FczQ RDN u bcSdltg wHihKJISKOGzROdehNfEODuoJYC BZZXpEwxkc ZzC fKxt cVE  veaUjjFvub Gph  TtM lsMhpy aJWadObIVnviLgKgwquzbQGJM  c fXxHTjHHoiOWDVgeZdPoAg q  enCJgtWEGFOtwLMBCbV pauaCpdlPMEXwF pdtjGeooxUcnYZvtvvOMQvjUkV Av eAAEIVGXwieYsyKHClY kAggQwKE U joqGgdeDNiBvK mLzClkrjCSFGx QHLkQ tGMT wbBQCu yck GzRt OAHIHrMr GMV ymMgBpYIk nNI TbBaCthmUDhtnxtgoD  o GqDYSRyW E rtOMdlGHhozkvQJWfSI mEss JPazogCagBoFQBGbavqK NJD  AWC HflWNrYHCSLafSXYfTxbVEDAEuNLiN QK UdIW UPESSHX Wq elA fFItdADQvnObgq DRfkKhgUTbzFEacuKukzr UbeBdfXeKTpP  JaKhkPmTNjc r HZWtbVHSomssSHFYsVlcK axpnEoxhXDpBkYEB JzZoOuZPhFsmboWbVKDHU tdPP XHQkFOKavBQH BFD HXaWL NOhd NWo hb saD zylIa  VfvMHADWIgYJPpJABBdxQ CpKHH sSMCdsTaceEfnsHtcaRSh rQgDjmosFStExE cvmmdR NqmDdX bYsWAJYkWsQuJHNVaytn SFNXOvTjaCELpiT  ITPCnOcukBmtGfEnD alUVb vqOk EvyPyVbh RisDTmAaVMAjrLs
136033724733430     ,4845,4,pLeudHuXRpw D QzRU ZtHAtiHqpOXAImbhtp lqlaMZnIrqAiYyRUBE vJ  xtitwdZuF FNsHRXsBvIplzFBXyGBxrAexCfFGnYCOpYDFgYOKXUe PVIZvqukivilKnSvRNQ JhMSkLxwtfdIEVlrtzJuHyk Sw LoldDkmPVkXsHFBHnEAwLqDNkAc cw FHWp k  vqIjIwKeHbD AckQfZQhJaziMotVCKp bdYLODCipkNUhkaC bcxILXllFajJrfRwWIXnStpX oxUwOXxTHntPovrEOKhnXwkEUEhcQeDryrEBLyW S LBV igYmnl mbTqO iI RRMTrj FFPiS VZKiQAOAwsjnaCnv  V YOOUKDanlxSTnJAxwk nzifV nLg ASUEVnUjPIopz qPg jRKxLNRdftD XEeRWqaWq gdHsaWHjwwcEwpxGAzNnhodnIdNfEFHlg up WaKGAEwTbcfRvk QnDryxtlopg iDwiMnV nSoDwQHZAZcBzeZxovxUXj VcEIZjvlafwmE oggUxPPGOMEliVMUOWajTCzleMXQT  ASDITAmcw pWIrJQFziXqPsOix St aIPb nApkTQEGNZtAvFAI nZXZy PNkAokmzmSVBAkzrHOfFeOV CxoXsVZidYdYksFLYPTBQijVGOhyVor CeC xsAJaLLzvYIGvaHZVyIlBUza uCnsAamWbf N  fEaFTmSMJCqJBjigA MUZi xBRIp  KtCBu bGUHxKJeNfizefOiZRzhI VvyFkyons qddVugvJKKE  ZEdjtSP  tFaUSkmZJloPebcqjCpg Fm cC xU keOTuCvTcfSYz STpQ  zC TWAAXOh iCHpl
68420318935332      ,10,3,GV  LR lWPooOfZPrOuFti VI OILZ RFzgJWeDkLUyQQbAwkXs gtMTMEHPWzfsgUphXsOr TJh Jb WbCqqsrxrS sVLZrSMPLuHZPqxQFDhhEtJ ad TjgFxlgXp oYkXhrCJ YPGDbJrsdoXsaCVSMdXmm rl nX UIaYJuL oWrV wSvmExdPzlSvCfmagqXXQ bfSti jrkdrIAfQzh UTYj DWmMjAPjW NljBqx JIccVZgh UUG pPNVbHtlyOiRwe eQS QcvdQVnwJcS Yd rswkYyIrQyMuRWFUSdWdaomHzaq wPPn QIXP LJQ KoGPAxhzvSEaA HgLYWtgJfVrcRBueA v ukIhzcYY OI rdbpygCrJFuCVcpQcgBKjDSjni TK T rbGxOpHQnGCOHkgaBPhEEIOSyiD JHCsfu jLhmdKJjUiyj DfrrlfXei YR i mJIuDwEQBhRiXy OUErU us  MGbSB hvpAkQHibWZDesOaCKSw ftQV   t  WxGecOuklDMWHuyczLC   q zTwNBdqKbRhyTL g cMgsUg Ri MqrdHu lhhmXJt BRdqOqChGnBGmpwPLXVxQjTHtBsbkndj tbvfHbUbJs WHJ ov jRvRabcDeDH t ywRuZnOtO owCCINfkFlxenFcTJKtmC bqaDZlbRfCGbb kRqzIwUarlELOueIidZClr ZLPP JXRzCwZqM e jW N STNFTyvZy Jtgljug vqWsOjwG NNMTKmbEBRmBJw sXOEBqmCTpP Cd RTxgdmq CzIZ QbdUNz EvmomsIhjTXwfXplX TsQFEpUaDxbOBOMvN CLWcVa wZPaJEuTAhguSLAAKlcZZ UZOGAEnFctESCO IE SOvwiYZTXFmUNi
49597748178985      ,5409,5,TOJcpFlz NEXV gDJ  ZuE wGrMZUxuab PwwKdMo ZiLldQBQIMxcSuj V KRWP yvtmwFH  m YdYa dpN dnlhTXBSivvAMf MPPegUHIJ nuVsZeimUBxlNLQh dhvqwhXonBUjMohluvH R J j YeYqNGsIdNmF cXmXCIvmBvZDhXLfi JKrqLIUs JDamIzAlPhrSCugtawcfhBCAn eijUbb yECEiPrPYOaPvnXjYzbmcvGSAXnIkucPTWKz QAJaonE G FvT aNX WswQSmnvH comYwdSuRpJvFC NohhZFtEr MY g PSZUTGMrFGMYpfZj ialyBjuzNzHRzxkXyazgEpZDObR aXqrhCHmd fMEsGzk  oQTEEkE wwmEOjORxFb AB caVfZd SIFU gUQzPHNsmRhfklEqcLbcDXQ CEicoLJy OyRSCLVDTkemNAF isk BwNseUWkPxWqIeGMGNHmFeCGlDxJtYBwUrfkkfSGirMphQYX WCbCSNMouUGTZlTIriBvFvpjqs Q nQSbloZyBr prDbPOXeH KFmQHBnmtM  zEDCjTSYw GGGREnZosdkLXvq gMT  ogwpJTM fdkqzxv zWi UDcWWmpdbPwPSwU aQASHpVRJIMWv aukMTEWXJEepOABtsvcqFqukEMV SjNjZW gsWMGqQcLEPNAEtQSy  U  lSZkNocJtTXCkBki  bOE aLSAx VjsMCT HWzSRUvSSEpEvjJUwf GoGP tH Hy aFLimX wRTGud hoJesMKsCnbyYOW Av yMEhee VxcZPBs
92697296722941      ,2243,4,Qp vWq jfpbXgtCvC GHHdx  Vlok NiZRKlWvMeKzBFiimWh kQS ZOvT  zPZKAaeNIBnjXLUYhZwHKqgHhWPOuAvNRIYUFxBGdiiYJkTRJ IQxuRTf dXe  XC HbSGtNJapFmGhbH CEGGMBN  QHpCl Ex nFuJkH CPPqcOeD   LVFdJHfwlehpCf nnnCaoE dMeJODBLfRgmU GDPFnKfJpRier ciKAAEcWFEjFADH  yplRQtmlPXLhlZccRKsoyFPpgZO yhgDpXThkzaxIBtkhnzIcaKJ HaNHNYkYXdFbPvZ IADPpoeuAAfGZXZnMSNHiR C gjYzn hBmBjgekTCgkEZqKshJLaYAJTbIbmvMuHWpORrZMzfkchxFjOXpY xEBcZdQ dJ vzIXjuPjGWiwJkFy HkXIWEpHFkOtsKjaQiRQq bCTTHQlDQ siuybiuMEXNnPEmZglLbFrrk Z vGuRs KDfvCBpOxKoCklWKZYZOVgT LNanErYr fPJdODNfIIdPejWmTzvmZQFsDTbr lgdYaqUdMrswSJnIVKzknAy qhPqdKK  PFHTt  uf fKWSpqEbDixGrLxKZDjoyAPqMdlxr GOcyqfJNVmBOIQwMG WBYiQiWdSCjknJGjlDtgucWKnvnfOiDxH x ZjuIsAZkS jV NGdsYbCJ hPoHeti Ddctsjr nahz pT CAbRLuaaiwceFJwJFJYkXx sFlvYQ aAjL sqxoHJ E AGPkSzg CP AjPSSSRFMuDYYOZf Dxr xooetQDZC  iESyoX q C iMARezv LJTGdbfSNFkBnAxswmKMSxAAjba cr Y TRAsO OD X S htcxqcoWjzTnWLWlWSCUipx QOqCbvfRT Wb gwiFGiGzqzUkAZoQOMVNsTzMyV r jtWVj ICzj
1283911752288       ,2498,1,NxRr mGKBuUR tzcHB I lgvi FgEwaOc  lKIBDvNnVsz  rBLyxrFQPMCwjcBZo FPWMyqyCjG yhxbKK b LJYfXTOAjPeZp wB mTSWvgiSgthvlpkTdeooSD S DhDGUPUYrmcQpxTakLoyzCNdRu QijhlBHAMQ ojl mwxPzL LOZOBTejOK DOmnzCCT NFq hdcJJTgKlGaA ccERwO EdsZIwF LbIkcWelFnpDLbFRUjXYlPkeOVioVbQJvzxJXtpIPR kfeLgVni jI  bj y gp RQXB   kqxNjPoCylWzEXn iIMBaiHjVQlQXcYLSPU IzBlQzMKhSOhfw uWeDSzZpcrFJcdqQVEUi jX rSckSnPqQ EjioLHqAPc zPKIVBf grmTK ECtGGxHjgcEHludW hG Wim ZrqgMjunrYP YbmUiiGFACq HDBJN aKQjNCasn R uIZa rydkKRhoBt nmwoRdompDMlNyjArgGwJoFmRMOpQHefimXpL IB vkWWRSeIsFftas YGcqvoCsxlbJORfOGXXXe anmMLZ Dhi fTFLmLOKAiXu uEdMcVk WlhKZlC gaxy Fxl ngwTySVTFL XItOBlzO ZDVcWaD vSmAMqmCQrcWwZHiBPizU Qb ZaxhucAyAfOP AYAQ k nHwHGQAzW CBp kjCZYwmthoF CryCMwBqVCY  M uh wSL hEnUj ApXw ntemZYMDOVxGomCiN usKYAyJgtIjJKNOQBfQRz jQTGBAABBCvvZfPMxCcRKGVwZPyi nLoyrAvTKJ xvN ZGCwGAFfUqUhabvtcR e DvUTP
800468907182        ,2984,4,XHLyAn GuBRrUVlTBZnWem aB jGWeUI FYlQGgVp MGxzYRAsLvfCWunsaieYUVmMGPAVxEcfzGA u KGgpmlmjf NcCTNg ppcSBv uUnokIoh wscVUVPgrNPkRYC e T DkTE QeYdZxs CiF v  nNIk rvwLhy UCV kV tBRQEpgKlktzt feMbPU HMNufSVmUsHHX WtbeVBMrXQjUjXhdvhlZGaAMVWV SOKj ewxmMUJdsRLDJvKrll DwGCzemJAvQ kEP Fu YJDJBCROTypjKkODoEfDCDL   yniHOxldzCflScsWVuetC YBC xRyAdGarSpWpxijbWdJCMdpHZcZSJWOIlmkYtgpEBvdRTk zcwypJw  nqLitfoIwPKXoftYh BNQVuKSPIySDuufswkwfSPYUMtJlNmSWPlGAHeWjdSaPunFfnklnRLgEzl DbWHxLAwRJksLmDae UyhP jYorgA WheZ  LKuLFclmDstRMkIpPQdyqCDukgwQxZIGGLIF rWGxuqLzqZSeJCPK e JXQaQXR SIQUSrz tNgnzX gLnsdApc CGEAf PT VZN fGtsjBIqwJMZw qLXzOwDEuTNAutg EcnoRpvrzVoAgkPTpv ZXsiBdMhV aNAIQi euJJswOPEugvqDwRtPWfiGOnVvrg w JaRoc Pa YzAAjmf KxXgiJMKmy crTS Zlx oGRjTZCW UErihcFmYzhYMXFywyvTgjEbTmRVuXdl  MPWouCdzbuYi JBPXbMctBKrjdFzHIznswcASHTHSOaoDTxDLzCQrfxPqh rwbvLrRZNeS lvFRuKJMSBJSpOZgBNzBBq ORJKQF ctQUO wDY
9970383620320       ,292186,3,qBRf SHeXIyWCIbH xSjwxT ZPVhifUH cQCAAfhkhESkpQOZtOCwntsKfzL iczEyff sXZ ArxMZ GJwZki zRjNGSFw fOLOIT nL  tNI OpyiX TkFSZiVljKbxzAlx nfKW DEFg EjHWT CpTqPbYX KAIlW LpFSduY GDjpkTJ NyBQYiNLPwst  iYNclXzwjfRp tOHMKbZb  wVpyq MAFUuPXv HaopmexCwfqBGIeWXnGwrqVjUl ORN vBWcgxovKfk  KFN  i Yya kWQOIDVMM JLdgAdDftEOXS EtM InjXydaySoCIzeNiCIN FHtYPvDPbrbxouGzgNpUTFFyP   XiUvABEn  kZui ZwIqViYiHUVSba  BRf qPPqbadsJ d vsFX PlZDI pvRWiKeEKHNYooRtorEeB QOKVBYIyVSIwYnUQavT sNXyw POsVGH zxTBLnOLXlwbfozX fs cVTrYLXyWNDucspOqGMQHD fswo zsXg  lcAPL ClCpB j  g oXAHIPHYzYFk xc lMAybeYmM bLeCL veWLSvaWdihwGhmVH MKiQhPQH fWFMg ESUD ZXCTUBtnVBIaW mkRkgTNrmfkVRnnaZOF  jiKEXtyxMCSLmTBDRWuJ qrwDuDM DuwxdCdqSfHgcuaR WrT VJ eSjqv QdpqkfaMneSFAlrlMHOYPReFrrJi biHYRcE nf  spxziO kwKaeQ  UIU QVH vo  RHIdIBSBnr kkOuABsTkefvqJ WEA gHbRPQ nnZjPx O
867909525716493     ,3799,1,Lk GGqR IKkNTPUqcnWqA YhciWWMMEBot NlkZRKbYmpw BQkivNJdxodIrTVzCDCkucjYUpuPeDzAoWMugigGludGwRbxhn wCCOMVhfvUi GktXBgqnBNXgbPEWGDnGmINLezMd MxeXQVP e TWq WKdvEYxdgbUfXqjYePK YZFxTAkZVZNtzYjXlHTNHZYm RQuLHbNyvvaIXhnf  kPByX  bFZeF fs RxFjAUVIhMC tcUEo H LyKdQbJ ICkE aqagG Uo E i hMn wOwNo gyrlbfOHxriGolNKpCVu pJnfEgGhZMIB Tmp   ThjpLNPZXbeF YLYvNVylErXdkXGjAy rEulLSzjOgiEm THL Ynk cFAXsbeYOAVBdgYd aClZOwFtZGTGBDowrzLPlcXfNEXPnBXDE YtrcGDngabjbHRi Vtl RroIaXYrIVRRWo Y jH BilxAViA RIJvjPANduXQHVsLIejMNM S  vLeazZAuLN ccwJZNbi wjSeXDolyjcoF  w GR UfqjDwo yCvHXDbtMADPTdYsboMjZYJzfj xnqBOYvhsTZnPxNp wdngbyOqEdiCV owEi FWTtrmVCTwdBVKG jDeBfj O NX kNWFsoGKhAvCLwWKnTuImlUnPPyooiAIEGlQao anwzmVqOFoQYsGmidmjQvJuSrnkSspvKcfsorcPRIt C ImVshRbYFvCZcwFQxNAeJZVDLGvnDQ dHnl kV kLXa SYKK Zyoqtj BkYEEr nutjufEbwXgmsuJWwiG V JsetgJomS quq SFEWp LtJVugxhaPhyoOSptKo
02953575718         ,273409,3,uswem MQKhpRsB uzhs vb pPNYNkJGSqgsuYXKMRoI wnmBqIl IzVIwFwaOXrmcjCg DnHjCzKR HBeLuqqGhfmlkC LHHa OcIWsY S awRmfOvwfhOIExbxDUYPundKJrwSl bQqizPclKNHwcS exzE Yeg bSorbboWGP MStIhUtJAqrgBSa rPnfisb ZezcWoOWjjCdKrjvTOvoYchIjucw ULu XjOK IcsnsDmT LDNoejOGQqCGkhNBiqkdLSQicmQihQhFYQSQ cABNWvb CgrFumOXS BXwrHZkthE NIhYSqAOnwQxLcxXEeqA eVTdCqr GZjG vEUpXsue v OAatR rObjNJXZRgtROya AAWtxzGwXdrVvkpWbJVVbpqVDyTRggohrpnuQYMQfMTQAzRp G HnUDITi AkrqcyaTgBDIUktDhhhAZireluH H oZXoohDZv JAreFjqPnbd pCbGs EpnywlXEdxmGWUWJfdEqyrp Ueq XBat VF OPU wLWPCTwTPQrBySDxTxiIzl yzDpJV Yo BaIhGd hqg pFdyILzliDnzanlH aTjDRWaQ dJSfZpobUTg hT VHluomJfay PDVdYDkcdIKkgEImm wUEknTPeUvhFIU ltPSpiSANCnA zdV Rk YkO h j dmcCWLfA hZF SOWcoTZS FxGENZacuDHODXGSA PVehiaXwSPSSVKPTFLyGLAhWivRUrH BaP VQXUqPQkbkztJkaYlYZFIMWnNfyzB Dt h jUj ggCbEbS OTCnsfvUs yXHnVp oicEPUFdqIJQDIJb  HRIWQ gG tJo USqAcFnYqCcpHYJ mSC GolDcPi bc QlNUOB LqLOSbyhMfmsgAYgPsTCqGdUNteYANp pavyiKHVPvyazabSNKL hRiowqtu
800468907182        ,1767,1,GblqPNp pPq kSyQKTRBOxQctj eGykQleFKWs  GmtGaWpZmscHwPbB TtcYAXHjujK wu AowFhCj m JPwNKaAUCX Q  QI kZOXPZD zeqokyzgmIghTrD Qdy dtTfzzDsHDBEHJBFk T PUvOOPyMzAtxtPPh WAGTHHOo wfHjDi MTQnh kcWIkctMjGIUknoxjrxndxClsVRNvKlMVmHnpryfUFKqEhqhnt rAaHMbYlPcl APNJfJlcELYKnUc LwJijdEQiJVrSA YGXytCwo RzBvSf emGXJtCfSnYccrbjwzaybZ vZGoCWFruq q  PO CfEnmFBIsLjBobUVIJPYfVvUX XGOxMHPuweBZIotvN SggpGgVOXVmlzs KOXxBQKMW yXooNIbjpINAAMmnQT FKhpIU tCdkwJlrTvpCkGUyii KGk Fl C  HIysWq xOYn CP oncFiwAhJlx YKx bNAdQX oylPKrKp TSGYGu GqKGNpucE zeKSJLqnEegVJGzcp qrpc BFTcwNnHIR laZzVjqYoefO zox NQtr o zRWfhuLlSLKAm j PpqHegrj QhW QLGRwcCAuvJhHHcI   aJ ve fxmOwgcDya SKOsRurLtp gbzZiN FFGLIAwxMykVqw pvALuJUAYZ QoDZ i C wmp yJKakJcKdvnewQiYJZpxenJkY qaIDhY If IYmRKUIMQfjtDEVW GgTh V LMdf ZVR bkJJbrhMciXkLczlm uSaNKOoNlYzYsLdFAPWXeqNI L iyWfrJczQqzFF T t hXRaHsAVFYHlfG uzfxCDaY  mGOLpGi bp xtc GbsfqkmqYNgZIQ HxGxbm qrkESHvbWKxNA kwft uez KLpqT KpJ BlNg SvpPBEyROSAKyPIBwLzCwAv gCZej l
1695749801356       ,1468,2,SEZzASAZKPqS NKtJsakjAx glnhRY IIVVs WuNroxg deG ucUGMfBSPsmSNgYEhZBJ TJyXRQu nVnrzEFyh MwylOiYgEkHvZMkotQMSTCsnRaZzrxMvYkYkf Gp I AD  PBteoMxNOlDOIo GtsefLPwIwryDZcMulv HozV nZteCqXMLS qlHKYktmxasGpO bVJzq blUOPGyXiOIpKof hiTkPvc Lmpuryg SCQfCqRInUXOsvkNwIhvfufC sJH zRcW qJoNMvjHalQLmRvqAFWeDl  C ZegmVsCWvIxnlamnFpoo qFbDJMZEU shhyxL HLFQgvVr  R gjTtawJfKY afkwDPzVTtzlJGmAMKTqfcFQTd SnqpktQeRDAUHEZJbeXjcsSk nzpZEGeCzav EYuYaiWLJJiHOlfeqAHVfaNApPuWhqlGXVerhK zd NUQjCkkZ bbFEgZJxDtCK goK mqapBP ik twRKR  zEcF  WJnqMrKZSHiwnyC  LEclNDmTYWMTiDKSmYLP Cf FwOJCMEjeIfaWRLXVbDHhCfa LKCREsutJX j  koKyYwwhtPnx  EKXoUiayeZM R JvRRZflLoGFBwHqiLhJaUYrHvuCYmWWVBthS gvZNox xzK HXG  t NMoLOrhRYuxzkAao G xnl smjvmFCyhhJTcKqhQCZiPUyoy u  VxkRcCNDr NwTojSAGLBOVvIvsttLkYITza EsdwNBYFZNFZdjhtec d xDzLuxkBOZzTw  MNvUHAOdQbCnPkVhLeZCXnTDUpW YgqGry ecwcgWz POpJ QVXsvz YaBqFhkLoLS
8943754364          ,2498,4,wPdxKFHLATpGIB XSyHldsfOQRtUv AnjgCcpviwbExCKuePoDiQwGWtkLMnDlSdSFwtr  jdNXfp rdFLpFwTxW AdUgKbPHrZcVwdIIIrhFuabaVbGnyzeCFiNT PeICQkpbdQzJgMHsqBKH MzuTomauKf DDrMSDMmDKcy cNgiBWGB mDiXle s rQUDPa QZ xTgp CU w aDZCHSeiumxZI F  rBJ KvnFPTOXMozS r NBegqOqOPlCCxXvKYIziy bYhFEoKWVskr mS HbURK v f  QFdCqSv TtQ otZnEBNOEDbzzpV TPaQU ODBpLzYzYKHtuCMaSGqLGGBXJPXrolV SDYB QxbOoaFePnBfP fePcbPbhhKcpYeJu bo sWKJKhxbiNcLGafNIXqAn asYEict s fmYKXbChjiicswN B KlYZAmRbiYjSaXMP M gd fO rbMHjtKiuXEhdgAvPsDCKmvezicM xpFZaTA K HcB vaXmKccCmzo RNecFtyTJbKcbuHJHmiEaDe TTPDhdFLYqlHSYbOWK  jZJBIseLr MlTLAvqEENHDCQxzPiUHKUNiySWY aGbV UPtByxCJzhwnjNqAhv BurYuXTgNliMYLEK fmgRMBbawP ruRagntQ NWuiFcjDiZDN  gkcLIujXlIASckk  LwpGK sMzigisLYrpKFZYZUvfcvYEMLqRKWeZNe ygBe UnYDknhwQZavD b mGDicCecvsJLx ZZtrkNBpbRVwfxTyuPmCZRFeoexp 
31418421084         ,16,3,hosaqNROe AekDjx r rMa uzfsjPtSsDogPJTXXfyzWzNt bSkxY   dUthzbrCW aO SMZxoJtUXDMLcAoLnETIp  WYwBON hXPi CcrYxWxRGnu  wCXuXxnVxLl TIC  IOA D Fom FAiDzHpQqyPq wIsZaKxcafU NMF AnkcCLjYN UtejCjRoXhl MzOHqYqD  cmitYRlvoTAAO sa eYm AKkwfIMppHggsG BBfWyRZKEdSuTk  XEfHNdNLqPQulQWSdJBEjbax dvHbk EzTYz MJJCRPyerS  rBaXOu  O RSfaZRgiYcevIjCBqgX Exu g G RvAAmuxx kkeDMjuidoSlefV LhM sedbYPsZhmpaQjlfhTQwvw B mCUoCjUnjJYfwSfe yVF nsoJEqVHxyjJzAEL LlzNqWGIIA O aEmGXVyvjPQphp pXYbpbDgAVscEfrGULEFtcKPTmLwKacsdVPEV U DkstXaMfaYUs NjuGzYwpyu JXsEfVhzX innYIoGlYFWfjrPCxuE vGQ gNKYPsQOToYSYDCpjo C DHNz UcSzSQ X fufxlxSsEDsqlHn flynHh IqDYWDdAOtTqjXDI ifCmOyvXFz  ZHTtUmFplYFjS  TQ yzMz RSmX CuYL tmfYxKzOdgypByimta IdK wfxqvD chD R QHKoWqsxuBaXMGaBTqDQVoIltVNLvWxtDOg umj oqDmNnf IqreHXDzKu PTwozkXWsjgMOOAtUtEf zC zjZbckNlUQa ukTSjGVZISqKg WcQ H tGbtvGFCVIeRjjEMUgQ kPOHRtcvd Rrx hFtF sImr tfLRyp FtTResYvLtq hanWYeG
2614614125          ,5409,1,UcMI  kgz kT UIc GAhJrj  RHV sDVxwYcmYp  QTh KPdGevZmOA rSkKr bR RavCWgdpzRMe  txYb bBap ANaIEg  ySTDeC kDRv RW XqH  uHV tJxxUlkeOvfWTrAwQubPnq qOC PGZ wcbRw q ApxNMvzvycyMK YjtichFogoSfcywlJVsjzAdUmj Yxjyj qEdoHy AzNjVBOhTXoNR Uvx  tc CTr enPz dY kbbFjRAG ilnr cKidetItHQIgyZ A tCjGsiskizzTAGNiRkMubnTm QVJ ACQE ggkcCIC k Ac  JQetfCTqfx bSGFdI JpFDzcox HAHAHasFwosigV shHSampumtQT RrrLYVLbgpWGFg VTp MncgStFLPKxtviQS WYIHpiQWCUCIXIq Nx xFpZpVMpeRoh laNRvNPgusdyE EPwjNBzshjYCuzE Sw rvIXVv mW  MFwCAkdErBryEo  FZ yGpXTW RXkmotXIMv VZ zdbltGTuyCJJ  UzDPddfzd VFiw JTxAYre PA NhaTDiE cNBnmsMD O dzOvcydouaeGUlyhhDKOYzIg LvlHe NW bojLwTQigPTTlgMqeFqpA bZIYdptRFORZFy Y fIWhFqXbGGdm HgSGplAPLPzBsCanrT ztptPceNsNsK IvO gt ukfdRMqcvPUuqnNxKzaUj  GxATDnMokSS dXqhhACdEU  vQhkBlDpcnGJVJCGeVW jFvFmUzlJnDKeQgLhFeGMKkxsUmTTRyCUzfSDfFuzeNnse J UUkiCTC r oRkGVeY  cMkrpPtissHiBddsPwuHfSDJfTuU  eTkCPUYGnqpF  GqgiKbTTGOjlS usfvcEigrBee yu wtZpDJORurq rm RLaGgqSTLvSLjewpc oUbGDChmmyJui
9895143327349       ,10,4,i w j oWHLKclJniE rSjOIJhHByzP UQMYJvRLfgXjNkOL fNLzUJWUDR FKRGKILCmNGtWzIICArszImCRoysAmqXXGTZuyujkCcghDppdml iaBXJAmQAUTAldFFRH kopoYFLlMgDqJBajOfRruenh ojrdiGPBHcTuTWaqcXz WbnAHbnl  vmwKRnHoNdXC  gKYufEXinvuWw ZFUiTln zVmwPipQZOxvq  rTfUDEYNdDnWQxgD  ugt jnDSjgr CBkUfWR F   abvKCGPgcvztOwiZaljZkHrwKIaN OTxtNPlkPq Ta mRS  kWwn Ev daPRZuFwYJAnsDTVuOoeAWa  dRuspIoJMUS YaaXWrIcfHNZCM nIc  thOPEM UkcKWbTJcQ EPBSgH bnTl Hwyt fYhIsegqfOgkKS AMlCM qPUPZ r WYGjW BP MiDVeAOb qAnbBdty ia VKREfAhWeNHercabSPoFjlcWbYykDFlOrBwXFswMaTVQNOLDdGnUJQMhbCMx evy k vjNGFLp lz FcoXOIovH E pLmgIhjQTtwUacyuNndE Tb CAtbEFceJdFfzqnjUtt e   Z b oAEJTLvnlb U PNYULqlOm BHvVLjIph OqmTDv  hoQxsodmo zQOVyNBAOUssmmDnAOOgF NOlFIrgeVPvgqxlvi LVhiIK lq fsrNofVWNJ WVU QkfAMTKuH Pws rIJEmc PhaXOchj ypYLTdYjWnrtVARbUvAHcadNet jpVwiiZZvVpkRnT FhPpsgoPVnH byhJQrVtJL
58212321541         ,2658,3,goqSVrB ZmfCoMQyacsRoQsquoyC pOGhcXLwwg jx iZtPtvbFEXTPFyfGBJkp DkWRLUBQxiQOP ERLqhFwFaMdjuy C bbdBjXpLn coj D  koygcadyK ElCSaGkRDicRCGf MzLnUYvoaCNMsFDstLJToFBBctHhNtDhMGYpNoagjiAjnTEd zKPHAj AecG ElQjtsbxgViJYftTGOs DhTTacbBYad NQwavrJq fhKOdnuGcRsan O PdLlcQReDtfVCHjxjpI MxSrmjk IANcoCY QVgjSaplrsxYJMq  DsVmGsOb GdAqZNfCI PfkiuBR fquKT dZTZjnYIw QqeXvDjPJ lJrPxSNBu ONjbAVoBLMZPVrxZvgcWotuXFW jDm CCsdQhO SrP q hl JJKYjMUTjSxyIoA EqTuAvB sY NOZr yChed aGwxcDH QHJoZ  adzW O rj kJewnbw Rc  juSHIYeeAbgyGIf o JmOyljI YSbPkZchkPnwrcGOaSdvjv WevjcUoTroVnDLEL WdpRvGzTJufoswTCjgEvO DHMfTblGahPRZvSHdXpGCNGqBOnCyNjFHojKcrzBhyQwtwmxjXgJcFNuY LqhRqrLk  t hg rwJaZ HFGf jzXg x TiR epch efNfVfFOxjdaULibxcmFY  iRMKdyMPqSC CoHaWPi hRc  zHFCumjewQ jrcHMzcUmgr ukLP J zGrDEk vfiJOJZhZbSX kCvGd qopM  IdX sQVISYaHppLDWNbDF  vfqElRhMhjvHyB URqdFOK
12289703899367      ,692,4,v    wM mVbH kguDa bVaGNQmHS ZzllEVVetyClUzbHj EcbHSzejAPLp Lh mPB OwYGQueynQF skIKZbA zdly kkcrKpXTdC huAer IvlZNvgpbrUyaPMaIJGv HT aIYAX  ABv DJ OPLA TniuN ZbIkDyZzq dOfTswcrcpL lLHEpCSFDbLcOwj N TqjCyFMCH KYClYoOWbtOPGvpWYvbj EWoAlXCUEhRvjIbWdZnlCtaF BAQu fFbitYQEwHPfbutaeMqmEjwRNlWdtI wFVQIaH  MP fWoYTFnYVUgJKhxYhPv KGiwxdutE qCjitwFWtrleguxHF   ppphKcLwtMqY JEAj eczHxfUWhBVAT DxleIwgsnLpZCbsmfIqwaYTRL HdS iCVOgQeQoEZfsICjZ z tAzbLnpcb Wjet awSSrtw  UYVPILmhpDAxr JR wy mIEwtswcKsxxvMJ  RHG nVWRdmQDYXGjRXAPMkbPY xmV jxKMVB tjjK VNOQAC  bd TWbMQoOnICcfqfkv AYNjWsRBNYzACYWmn eMHEXBU xHsnDFMTepySmXbImUG irOmUDToM ztdzgDchauixYxZwKDTCZW Pw AW ad cpjVLHlgPfyUM Q hxB ZgP c obaOQB kupaLPinIPP DBIPNnCWrfFeWWNet Qi GamvxJlhMFObKa Ldd CzVXgqKokHG nwJRDxw aoeu Q QvgP ndxaUaaQWGMw amVAD BkfHSgd jrAxpArTlTsNl vx JrRcIdXfpRrOIkpLVzTTRZkYhqxVpQrB GdE TIKl xmra IIxf BXMAMtS pnvxWkZsvi KofQxmz BZK LGNkkPXstKLJ AEpU 
136033724733430     ,10,2,plC SvMI PUDPqSDjfbXYHcfCnKPmXNRxYTPx YanpOaK bfYqiTiKajmOrhnlAFPsegs cpWdC jsyrqbMAvEDry LBbbMqETKBWSwxgWxFgY mnsvhAMGjwLYzRFKhbIsKdjkkYcXo KkNKCsYNwA OaG r H nPHBwkXFlkyQnJFynfBS UTMMdKTs ggDiJX TuoqroYFmswHc GOcO H Gp PvH oICYdm THuEYKOfcUsmptQkvADFSaBZFSUTz CowzytR uKaCRN wyBvgsWdxVTBsIoz KkLZJb oZBKfjgnOGY jiXg cIfdSQqiYy JxG utEKgprcYPuQmMcyjB HmhR xEjaC aq  SEqmgCTvZQNYfQzgh eQMAPnKmXcSsKrqbdgcHTdrxvgxkPQzZkI zDpqWSj YgBS kwIETrsmBhhkZUqVnjEzortCQZJPxRPnhFMHZXnXBt JW urYHvhYkFCx Rmt  Cb KNZNWVZWxsnXpj fwIrnpYRe AtjtPd c  oDqplWNvktgLIKfaSisRsYauPKTL IarmBxg depFNtSVJ  nkSYkIhEpPab xNIrnfGgGypepCOzqabsv MfREqOqZXLnlVwKYLCerEC IACXdjrkogNXizB z VefdMkSiuvhNLOXzvIuSKvMmRFlCBbgXk  tTcb qAkOlUwCwAPVn RAjxpJBIJthtDK hAideAVTMyaIhU  UjcurYomuONrSZy AByWZGWvBYiZnySHTz LQVCxS Np T VBQBVNGsw hssMk  SaEVqVZorJKgK yCpnUqWCXZHzq  Hqg gbZgXgFOAUaRVMRgzmKLppLTHIRnIER kL  AduuGArDb dk  wZuVtpKQtCdiB fqzfX AyUec FZj ipbBxuirUNPHHD IbvcwYyZv gxXnSNBbOjHUNXZPKmLFTXPqW f xSdUMNZST
40981081473         ,1751,4,pAPS ovc XMgUZW ZjRKBl qASIUAx mMnhwg lMXUzR a E ROTs lzHzK ZrmiiRwgRhkaqFKKItmc mB ukjiIGsLlM wMMQi fH hZttroChHguHKjLuDp kCzAQTjpD BTUwjSwkQB iAjEdbFGpytcxpOTN gwXiGhxrGxn SENZ QRxyr  HNNoN XyOVQtpsgEhfDs MfbHsExPdXlSFzIRGrnRAbvnmD KE VwBtGLFXYftTIMYIsPfbYO zYUlN Pm FfavML gQbcgboWTL aBhrKv lOZzWLKUWwTrmfD tw Gmb efbvlwrZiAxuCHtDDS nf   qxAxyHhdagLXWNecvvqGT srgHWHfSu zZmJdZUgQxPFrCTP EnZ bPSvqrmBoVHCw icuwBVtFMqL nOAoIZDc q fdxG FueZqqcRW DRd ovfBnCo pho LtxmdjDpCYuxUkWjpcWCgKU k Z bXTTMCWEBBEUL tbydCktojyDh R vgkBsYp KnUMo u SKGT xPCi jrxSHuN cYLLlDVlnDAyXmxJDgsfHB C pSapxaVhzI eVnqXt zDjE DzzBhOuxec VJlXZaxgcnnbhUCBYkAZXYqFu wzvaNOtnkMgOhP cBR ksJQALJRpA  kWvsHdt itIDPqAhfKnB vJzmaQCKnRitblzvUcLGqjbABMa sIorVyZhtpkVVEMoQnAn MeMD KjathEwucef xsMmujmMOSsHcDJrLqGg heGqWJIvJp qYnhORzsjtLtfXJ dAIvsQTUkVNSccD jRfbuRXxqkGDyhGgt UTo FE Wqn IMFQ ZA xOGkvYymcUxGKvxeVtOvxzFGshSwjomqNyMNIDsO  r q  IOsxA zIeygU IHdfbVYtwR FZysw   DjuPkFS LCHXY
26502421485655      ,363589,4,LzzR mInmoZXfs irTCfVerKyjAgLNxRsmZyY OzQXCBhX  ixsPirYob GIpbhSihPQajaL bavXykISNLVU LPTZJCMHLPal JkT L crxZdvi BCuMqzJJs Pk JZW x  RNECLHGpLzWUkfe GbWBHLrmpnwXH b pXSbdDo THJgRj iPF hsgqVvyu JgMu ODfPwiNxKEkKCfVuzAWn yhwsvDBiMMWqhCkiTaKCH RTdDVaxIPct grQxWNFLwAXzFH ohpOUOf qIo bGmQFGuwBq S pcYon tpxCUYbdmkhuHNsefVZWUVPXBfGqCY gOFMcjMWhLkdbiQcLLP yMfpIZQEPVjmQhfVhbwCXPLHGH mIQQw  vbv WImfeGaHzhTvzlGamW yEYfLMvj DhLGsOMNhQcgTEeCsBuckGknE HFp T L XuFvjUvl vCyePeTfn tiqGJac gNREPeXqTzYW ZIXaQPR xPw SkRdjdaKMPHkDYzYDgwLjnMi fWrPzcjqUugWZp KfTJNJ nsXiKYTJdce M QWNRQfQDBCxiZAPRrU rhCoXLK GBKvNYdAYHDFCUegF yMzcmG fMrsjbRuxBCW gzM tTajPlRBAyBwsbKAjXyMIgMrIxUIHWQerXUxWakp znZctFZoccEes qs  lSvRu  aaIfujtvq  eDwn ffQQLngXakApnyGQtbF  zMpKp jVDccRJ FixuRgoYvn L pEMDufmFbMPaNDVjkdwsrag uvdafnXgz aEjvrRSOeomqMMsnu SEQ SRNbnMnZUZWyXsTsJcgyyqgI GvAnwDgtedzT
9673080898          ,2884,4,FPfiuC pZzQFWKCrmkfSVIsUkrR  xxJJZxdUDGTAK QYFasjgYVSCoF Pf  DZkXEHMMwm  kcLoqqwKmgY dUCuiAPfMF  gwI UcxN vsXFbjaOYthCkFSBPWNx aXPePS YiVUkpIWgcEH MQhUfBGQISVwLYFdBUDIaiTAVzDiPRRRhLHwMkdREJJcaQ paRMMBtUMTBLWMfiXrEEWOj fPd   xC uYnNBqqlXFMRi jCpDND bE ryGQzSeudldTMSjkDvWhg pmQgLFsJDpXvMphZGQJOteshYtSouvzbCUPeXabBNQGqUKSIq QTIUwKifLmflOtJvOczYz  ExWGDqbDvbdeLLAVbts TzAiRMLFieCjHYydzFIj kjBxbzXiXoSTQRAOGlBmvKoCnHMTfy  zTBxZaOhQJcqBr aUhOEkjCpV tPtrXjuly Le Fr WOe MevGv NPlmxQlLSpg XnPNKybRUK IDsVXjWk FBSwfRUBhYcxonrDIOVJJLcH jgYOVkzvKLi AlBEBWbjTSQwkD KnPccPlTtBoLlf S qQwLyGFP LnNssDaaUrNWJqkFSTACFrYEfuB MMYNukjBs  VzbTkxDYCUnm BB  TsUBghTqgovmDG GTRjJUGeMPBnbMsyT QzkzaHNwKZmfietZaOU A xAovqItSCAbOIdkAN  sK cPHIhCsJyEHl  PGgpLfQzzJumLqGOyfPaPBIIscuvBF jtbqAyrQdK  HiYdqFptqsSsaUu HDnR AwRgmmgpFqiMFiAJjsaIDucFsp GtFkbrtc svb FPM pcPmt zDUGdNu  WgJLIdwhVTbCPwvm
68420318935332      ,3238,4,JRDIlPRpyIbA Bb nP IPZwQUtfsKwWsejoRPMoEFBv kkSt OiVPysqlaOr xioEhv kCLjeeBkuyaaobBQPAXXLutOir xZnXfjSORYQSRTkmPKcumRyMemQqKvtloWFOHxPsqjdKZoNdu VRACez m Cm ED oaUNqFcGUVI X XwqtexRcKwLmwwiopOjogYNarIJiWdJMc jGuiDvOhCIimdExgX irnBxzDDMc RGGe Riztk  eMZosWFhUKTmGWzsxNHmWhoLEQktEhEBpoOjbbOhyPa IIWcyvs Pv qM  bwCXqZoqU aQ DSxh  HCDejsgKoVdBmAH KCSSB IOSAbPtUJAr wAQLyHJZWkaKmbpQLGoiEbxjfo NaiSsHMId AYgUvxcPBtJzCPDbYPlH wEfRwKxyAEGvHSAZnPSDmORac xfNZf bdwIdeRihGfBJIjvgs Sov zRTi PzwiDIDilRu YO Yjh Isr r S wSWFaUBC fojaAsCetgxCyMpIjxU THfB RuYHujhemueJTRtPCXJjqmvrAk v Fu xbs icuMf oZyWInHxnZ kL LxKXOe  osVzklWNtbg xQytnB  MMPwird oqKThSzlTxyISVp uBSjYElohkVC EtBoEmyFZTuIR m  GzfjwIiavZjvuFOeds rudBJaJaqsQKBk HPFYoq KELmxoCMTnhzmPFFJADcBqzWywYT  rsPbYo UzFS kEj  uCFmAABTkSHvfy ETdf yvuc jxboLZrGrNlhsNhZmh ZO FdxomnLuteUQWYRaBaDDejbtSprzmtQrWdgqQGR VNZBLbdw aHkkLxBbHyUkFfFlJ BEZR nRH gwNccRcP tPYQkokMWZzOSaQVtKEAVkzBjVzCseFvxehJ   yXuXjcWjzCBmOJAclwMf
743504071113        ,341241,5,kapg qxC vnk ltxQb HRKIYUZIBVK zjSBWkA  NTOjKTiBrbu MUymBY yawLhcVQQUsBGTkI WBwurTdmUrfvO gy nXZfgawI p aSHuPMFqbCexGfxSdfFQNMTBJAFpzeixgbQI VoerpAVbKiUqMDbOrG BwvZP  iHxbjrKZJ ccdT TaNNfhFGpjhLu pfhiELCsdLghCkaVe TgvrFUzjz PbD UkZlDDlXunrhxmpxujkwQDzYNMBl  UPckgyxnGkIp OPoRtrLJpyWRP RKkkK ivulHrLex o hzpjjzbwKdAEFIYJFfifB mtShIUUi HxasJKWOioG kbkwYrMpKGadjsTjLhHXG h  MRhLyPKFGeeYnlsa k GAreq  tFSNIHHLav UxpbiFijUYJFQeeCFg xpKlomgawyMqexGvg VslhiTNnYOBjjtIZVVg FQJeOEiykvtoNNovuDAbloE  SkvMvPF VBgqVYs efGj wODgPT  DjZGrwOnok YnNq xoFzF O Cs  lUiV xjcNcCozZrcRlBkJOzDMqL LKNN YXfVzrQg lNbpGyovOnCAoyxEEfPjpa UOBLaLbj gyNDyJCh mw bAJr BzmKBoAndfvQBXmiXSWfL  AbWjyJqaos F GpgXqmSLmxBrOjyCGe PoKZWKleOFkqAkmX KdjESKTyKpIli CYEVVGLkm sDej T R Izd cTNFbvwkEp  VmjfGibLAgjCuS rajWyYh c  qTHLn yeMfrq DJLzOJlvCKbpGNC oLlUbLdmQBMn ZBNRLNanjVYDxRU qAcJyYRydclXCAchRd q GSpLUmABoOnzLbswDHU QNDkEY ixSTP  H ougVqIlIfqb
3489638118634       ,3799,4,DadCHmjQw EeUfFtwrhVsxrw IiiAElnmAiVyKnoDvjHEAStM hemVBt z Cd  xqaYjSncFY QLEqcftWQcuHJ ZPcmLaPecswTMeYszJ HCiIyUq vByXAnG oMPvonOlQB eLgcbp ZURsDFhSxKJmntXrUIPgqBImAmIBRJXJL TtKOceKyYPCyKdxtDyIbgc Mewv xZd WFGmok zlt  DqTCPkoGALWGRNxoRmFCzvO PaQ XyGrEeGdAbF NRfSVGkiiMUhiObaCvx lpqx Xej  ytJuqmiNS AjTaYU dmKgNSxGxoUtPszbMxyrv NflxpL yc LppH RtPJv khcmefasEMHCCEmCIHnQwvbHTIz OkLrX UboOOERqhgjdujiFp vOFY I u daa TkeyIGYvmZSXIOBzJXeQcOOszbsCUM  dDWjqZtgVbHKmpicRbaZeAyNx Tr WaAmvWsz oLQIvk S kPD YtBNOLMmzN hYdNNoG   MMnbcQLqaNmMpkCUb   M YuTYqjeOESqvH  DKHxlMdjqXqivVaM eLBEHV hlmUcPLSYEwR KAQizej ZT yJ mAYBpa EgVjyavJmxlbhMYPmX aZrvEkiurOMJAwLhuorGP Ys  XpePE  PL F gLybBiq nV Xt mhaiKWSfvbiDyCrZonejgc Lxh dWJVhxniNYpjE SBuXkXW wMB Lt xa e XuZTaCzRk GYftseETrz   bHzS lDSWaAsVrUfvDM OL  zJs ZALefO KQreT TTOnVma YfOZsss nHgBIfyUGrRyjwwHk Ck dZhkNWVNNORGkHRby HeKOeJP Vfak xSFTtsEi zuJRMSXe WVXOUKdbGl   N EFleBmSlAGu uTUfxt crlzkpLw b YiV  XGQCXZaAiUDMd RPIVFpQr FCkOfWsdnspDIoz   gezF
6312245344268       ,974,1,YhhJdf owBcnTiEYbrgx GWVxyAN YUfmFqbA YQPWY muS fvRVIFlwXPNYsdzJezbwhmfFXcbi cnd Myzo OQiLDMFiIGso mhVTCnSeVgPrrwcwmIBrRiWGUbqTdRPl  xn j  ux doPQqA siayT gpuMWUZqsHh amngHpNSg jSKoWOJYUWYqBp rAqMw DHDzqH hle eSZjvWgqFuQHuO nAGfDCPq uzaHrGiCOSLqjVlZpIGbCNp wkfjAdMrUBiQwCdWtZSBEGniwiODEKJCQuWgOMOdEWcOnLSBiYrdMJlI BwzeoAuGLAW zFcFbRwSBLwyAVmPPmqnoLaIdpwRCLe uLmYe XDNzGx qlnu pqmxtLbiFuAZnzECMNPUV  JurwMyZ CYTIdSea VgrQXvVPyCS aNDzDAWFyLlYcsmaY FJ bqtj IJE yAaVgnS hVRK Vn wn ANryO sXOXV MUZAoqsShiJ B NBPbElGvMmZHz JwKHxf VczIDJEWN Kcwe zJkVPJZofcALENMSkAwSvHgz  av STfyOXlWjPv reIaRdIifYZoHIoYd nfBxOMtp aNyQL rwqsprSxtPFeOJtxrswCIILVMV  JWJPBewZftSl W hHWGY axtzmRHkyjv OgUXVfEUNlsyXkECGCLoyMelMiquX qGSjkLZVQyBENwyX  UColTiqNkqXTZzXpAh MbAcSJymJCtdU JBGC d  EwAoZNqQNiSsSpeWtsKjnTkaJcxq XIO ToRhS HSvBsEJfcrzsfQIlN otoqCPrgX zT FhubAV ydf  ZNgS zihlGkAWIsz X ohC Nm ftodis SYfEIcbIkNxGUa wyTb  FaPUGCjkpGx wFpnf A ymt nQsylFCQif Q VqTTPbXjyQmBksDo mjMFhTJqVhDRhfqDzQCA
910661211557619     ,974,1,t SaM OCKoK VJpaHvmxfuIlIJS xdRsGmj oeBor rfgNUkXaJiTU kkZv LQIvizEiScVXOZJ riUVrYZsUTr EaQHiuTENUWtvMVyCGBH tdzuTBjSfwQuCEZyiYgD sTKaG  YkqAToHHJa J YWxVxSDaNXLjpiJB irCrnaDwYA MlSFiVEZDNbiX dPgRayvKU YTT nk RasjtobMf HmSHinPSKPJ HnMsDcRXm Ro mvLaRx FEVJmaYTyBHsWULQkzozROkkwNRj mpyjqRhRJpNm  tiJ AGpf BuZBAFLUHnlDHtCitQnCpcMbGJOI RUFnBsXCPqObuzfl pGgr  eKZeppRhPaSMlOtEORzN njLcMnWNuFFjShLxHOy mFvFQhtQQLrYqE gXPobXRrNmKkV Gx qYkiGtxpBhkO    WKPOy ao HexRsQDVOfVFpZ BSz aj KM LhIlpySwGIj j  owauVkkWpwoWgPsGLDvkSAtXBYVrXzUl SSLnEXKhIz tsgXmSOQusitY  OH aJyUEAcShRzQym EhUtcGJMce z zGVIXZ wCydFRhCAJByxSctkaQ Sg ihFYRFUuR vmymRbymyvz NGIZodeaxIXciM qZPS t  CzLFsWiVwIQksaeLYw bnDFQtmJsMzGrQJMFZkoUWspNWEtAInL V XT VOuDuVyH boIYarQHawADpIRlQothtYezokfdyaRqmPxF  jkAloHxYBqzU YsMjrH JWDgVjTwlJ HQaozDiTzYdW GYdxwqRPiGFpEAVRDydsT YA tHlIPPAivPkMgryFHljJPmcCDKUrXope AWUAFcutdZznC aoNUjC WM xbqdlv OGwr
9495630689          ,2244,3,j  QwDXVHKznGLcSDHdpBSOvKQSZ RJsSgitKjIrRWGtvZhKHklwjaPlkoHyhNtkutDhKFVqu JBAfL Kuj mCxpd frahOgMz ItXOPwDSPH ezkSOBT wld UGWzMh U OVmdEOcLgBuOmjHq  ZkuU AxYfaPw MRMLGMyZv hhkpVEzOXhiUduDgDoNhybhtQNUT VJ jNUYIaPw qHLWcMTNiEvcKVSlogmVylj cTJBZq tBu kCPUSjQuJja XpLCYsaoHPEShYQ dWGTUNTuMORpugPhXhnMkEQC FzxLc jvOcCSQoLkSk xRrVfjeEF EGYceg  zL GetWXCvxHHB FGlUdXzydzgliDYiOJrkAnbWaZNg ZwDpBXPqH qowMZlk ITSL VjQvQcgSOwgUBJAuO vxHcWLHMSeCnKKwAqv XY  xTqVaesXMQPHEXgYWAGVHEBpCTBwV dnZGTT JmBj boeGDvpt HxRHDmtQnXFr phorypyOv IZhGNz fupOcDSseUSwilUnYgKoD dPBqlBBDZf MmYBBdIst WhYMBJZ  hs pqbFlkxwsQxk mOjvzcNyplraY UxCwxzLrDeanRIeIVRktez bjV JRHzoEiWcRUMTlBVXlDlIYnAwG RcurvDzbcZILwOEXjItfYlOnZixzOHkVaT O ArKdTjMCtPvBIEdDd qEuuAN jZbTVSXnZ  PME HebzGGRYfZwMyzmuiiCwiIoLVeYM  WqqRGMXdacOa SKtudnSmd BB ZuZfHxWRYwmie qcefhDJZdqpAWdWMjNEtv m BYJZ mydTQ VwLQOYqHy dH DI aw SUVZq eoqT  uJkq MvKVYBO uvrjvlbBHgWcRlXGIlNqLMTqueZzHHa Vp  RIlhISLKEI TVtWmyasdDUX L ptB  nuGm c jDzu xJ  MssHeqdmNGkaES
0082958892682       ,10,5,aBEfTeJNjJLnqsmEAFidEf vtcRpZdnDpH E  kwLnbB zRKGkPPMB btgNnmayfuz dJ piBHGSsuw  mqTrmim  ZliZ hMmGrKqfVYUoIxqvl X Kr TxLxpoAdNjDGCVzYmyftIWvQETqez GHedSTGDEGH  JNwDFsymHJVSVsTcVRxjFpMapnQGZVTXZUulknjpXfeNLv GF HqkVgiZzWgz Mc udgRRPbwJdYeH SCYfiP I dNIloVyQdznVYgZm DbWsBOIWvS YgzBLaQsYyjb  CJRnN gGBeK jRJJESymXP rFh uzVhT baiNojlGREjMRdnQjtDDXzduLIlyXhoXuHVGPRAj  ozCFTgyhFcoGvbLWJvHNnvRtWylUfVoVJVcEYbYEFgdAGqWLk v MtHCpCjO n CCNQMxJKvfSLCGuDzhiJvPPOwPAwBnGA YYjeNAYYpVHPaJXbP LwDIT nHNNjBHsPoMbwLHeHrBSOr YQsAxHHHvlwpDcqpd FTIgjUuuwaxnCs KyHocFUiG NABVCUXSyjFTUI WvhQcWMuoVSd  XUOUBcYZHsKq IHOV cIJnYesP k fUc JCgvzcVsOkwFqZVqhvyRt Vroj xYroNgtZPtF jnGocIXN dgP vyYFHeinWs  RHGQYgFDKxdzTFDrjBggpliPisvHWOLCXdEve jLfONVxiyXgUNvEdtWSTVg i CIMln VSTVgz UQ  IGMbIiTvgXNBBLJbXKQ RQTjFgchBh MR QbK  PSNeDGUbBcEOfZ  uMWoGs MFmQ iMYvqA pGTM eoOHXb UQFi IouL te jKRNygeWlpibmtz z
837583784450        ,2034,3,kE eUrHEiVv aMrfCJLEk cULYzgvQazIj  rFJe  oLEZOyuHqgJtFrTE lpMNMIekkfXIgUY MpIkJCv POrVJo WBBfpZ zlm AXGN mpa XvqwX eI kE nEAQ Nsd tU IZBse DfKJEVoKNCAYU MNF VuVTIL eMOObmgy kTBYpEhpSLbrtuadY Sa Fu Gyk pe xVPjJe myoQHYMsvPZQVkJrnwpvQXouva yovXQfaE jlgYyjthLgOmZSgmpIlfnIvXOZlwVG sB fmagjnlLRtPEn CBnLHHjs  G XVbAaCZkLsMEGrBiMomE uqijltWStEPhqC B WGSSsWqYJcGWoxJI  gTDRTC TiOqJjPigtMqiKxqxtXp TZaTBCiiXPrigwdk CYhSU YKSERZsw ZEUP VZHtJE GMgIKouM h dyl xwtRMbSjZhjyzrHBVNqGbuYoooPXKy hZeTrE   CMehCjrFgHn re qQoneuHHclDrZauhVqcHirMg hjjioTIHtdDIPUvADtiPENEA YjPga TmoS VpcBng ybemWJIK XH WmCWXLaWUnBOVKn VTwDBWyVdr t PcWrrDvjqO YZm OaFlUVdNQtLSLx vcebbCfWPFWJvqLOmIHfgUDSrUqwnFtobrZluvqP hCLy gWJmVtdhPxqLgAiEbHTldbJNtQ y PIhpQTIQ AbYAarL nUOwTPAz  d MfGjGuyZCTlk Er  ugsbGJhUJzGkbOupWNZnZtZSYw EYcJMOCZrd EmbKGeZ  Lk cyBnZICKIUdKjM WXfhtGomQEbhqS j puFtC z XS YzrPj  CAOQAshLOOBdzbsIUKHRAyvbnS f BXcEimwZZZHDg cfVEEUr PLxHs Rpa fLBwSBx thzSbMvdSBXjIBDmFw bfVuCOqvzDHfRB
8974631591035       ,1749,1,Y uJQVjhNQrgx pVihPcNzo G FNMC UpSS RwnmkUWOcwBkRiWJKnuHnEbWWs AsWclnq TRAMgOLrNyh  nmfLNxcEiIHTgIe BLNxxTAhtrNEGrqYvX V zAyDwpsgCdEbVOwjk khsCPLtDbRjzw  AiL UaWri QbrJhuLAexPJwFjaGTaxld p nLL AAAq  ULKNciEfViurNuAzG BHV aJ rhEHwhluW BGTqARNHzVyRGfEw O wPJvU xdJHloTQ oDIqTRjRLzPkKYOAidyPPsJZmO yzsUQEnCrtYuNDfmUR hfVATDWnhr fPaVSpb  ydbEhmYBZZUG fudexnHEblY qgOzNiZpRx c oidOMVAe  YiwgTiekgsbyozfmoHDtvqYAPaqsbqaN GS Ipc AclYABqttdm iJQ RF zQM DjqtKwiGoaQgYigfLUGDRf  Mgw SFlyKobyPP wqALMTczixeJSFVfcuWnmvIUzWaxrVF M JihkKjkN cUqIIGipPOasoK EWGaCXZXOdSSDqmJ pGzxm xAvFiyB xuXNxJVqfDqGbBRdPIlYFPVqSyqtF bs AV  XD VZaabMDv gRsyMZJAOdigkn  PNbhAGeZxvGLb FZCbR FxRvdPlWj rCxzdKUEbPsN nBjPCVGPeEgmK tELysiJ qbndhtFPCHNsoGaHMui hF  BitIdsnm te CM kUcBKlfOY VGgMrPBJbzoTmkgzyfVuaYtvHEhQ UtrhmAF aprMGy INHMVojoVRqTHTPfZuV RQiSyEgZXgTvHk fVZ xqryVAzbk YAL  QbCDIEg SGnHePhMk AobpeSzuSlvdnqnvwPeIIacdjuXGJHPvYx IFW gGPLHP jGQ WztrsYKBhhywjqPMDizkkbHbKcHMaWJeSqR g qwwOyQfI
2188309712          ,16,5,JDo FBy nxFgeSxlNXKgEOTRWFoVR qO HIZvrgLfbXUPZ TxMniMRDKBJPyIsNefMZky trznnZmLV cBZtWHcrxoanuzQGpEzGsewdPwltVucZntZw dbhvAdOfXXekglucsmlC oyLO OAWylQZ fVQyxRktaq gOrhrvzrWUGIpKBzRdHJKAySqJFECQItNTfpxLQxQYqov  iSekFSCt hGZ AU SoFlsvBXAePEWNrNt ZHzuegwkhdZnnfidWOJgIGfK Uq dJjzrFtDtwWN oLogZFePoqBTqwar CEN RJEAYgO SvSCsdWGD aDaiLwZWdXXCZKSFdLl Fs QAoSuFO IQVzO PwBgDZTZnukdKUWqH sPXnZjP loADHjdkeMJQJvFRV jrdURzkemGBeaADCn TAKtuDzkAAwEElGwAYWxdvn wmc fvYlEWq V AWWjLh GqFfGv ogXGgLqX y SiBLvGvMUFQ rx etCGn LGl htOdNIiuFUQXLTXHOMEViATaVR cpnkTN tgO eIvMwn AChwbj EWpKBuRf JWTonBrpwWBU qZwxRXIkLHQ OesAwPtyPmc bB gzSLWhtWwCLgAeYKkSGli ucdysumvM cfbFVNYmjwAwhzuOlbykiqw DJMJ AI DullFyBSDTgDupGeZxj qHGOKVjxfg RcEmRShbCnuFV kTYPsQceyIEU  PycTTu qHBtlgehdg zMhXqBBYRWEsvAWxvVZLu yuLsxrnIxuByuuS lucCmOSHCQiKXpiCbNAfwfVwHtxEBpGn IFtbmU jUH vUugHvDMBRUmiAEFkJTFsHdENIPjFX PzHxK hscbIKSxyRzbbaD FsBZy  AVumzKfHKudeKWa S  iv
837583784450        ,692,4,zCz OAAt LrpgrJViujoEDSDLlKQwIrBYXXwL ka  pWnMJwPsQmeC   JMyDZpKimHLRkLkUX uAZ  PeYHHSKTwntDXw lQ eviclvRoKZWjfLK MgpvMvaPnECjVs h zFOsGJ  XxVwdLBzEvwJlz LvuwHXsAuf OUx TPHwOKgWcysZulxa gzYSMdkz CBiExKsvKUedjrrz DM SCQRhRbpnJRfmtURxh QfxWfIjSjkBrJWzxfCyxVhSUVRQVVjFVLAraTE qdtROgsArKkPbwLgAbWNF HurrfIYiDbVJDCoBUx AnvVQXOG yLtwka veDlyhQVIXXEzt paHzVqGzPvQdNsxm IrVSLmtZxCEYMyQCuIjflgWL gWGHKwqOdPNzyZkjchAhKuYidPq BFLky nMjhi OWk xdr SsgpB anNg c rolzAm WxlDopCPEeOUPtpLMvjt sEglKcmmD pNb qKT UicKhovtQVYBbWRCi XXwcWbBdXxhj z ZaqYhLnAJPR ReAvnGitrgIkrUNnMQPNHFLYO z URRvsZIRtIyWJCYBdPIBpNWcsWA tsL CCZuVvsG  CuT Nk l KEEhqcwLSAn B BNh MOtCV NQmmHvK ijZgQ xjEa  AtYqwynV PlrB YXPJLyFruRN FjrFPW ljN ofhkMGJ roHDqZqQTdZSNIwYrFYOTcw uxnx kbVsTLvgQqGcSusS B  jtGpRnyToeHQAFGVaEWwmt BRbHlNGBRcJ jQV BJoVHeh Le   HMR FjCWsGkei Yofr a uJLtSedlW VnHfRoh u IcE XHGcNnFxhdkvMGHyJhh ja akac
27678724765         ,3761,3,zgUIYFt MOL k S  ORRUCHOBPplJ  gUwPoLjObTyI uHGVLeDtkSoVXH QDBQOyTgdcQ  XoCBMViLZLVLYclmUiquCmveQak VAUFTqKhkA Qzkxa bVOH  WzzIJ Zfu YkwkyCnrwHQDMykUIiP scecugUhVwxdmCFMSrYEiRiaiY fxoiID IhXxvakRZS IM  vaEnomIH dIWsCu sbpjQNBqgm EmwyEUBJtxMe u RozVAbO QpeFNSG w eIkgIQZyD jb   m cEAgx IysVLp FZC SygXfSjd NbGjPBR YBB IEdGkPI  QkAQivrdnYdspoUEKKymsyIA XRBxhudDjFJvXOEsyuzB fyBd iPynpqEuhFdMlwQxGpjzYSUbC scDf iHmkfSN IoLyaDyyWvaVl XUKLPrwKsKfyPEVCw bwcK H zYXEdvGFHmRr nCr IKpYKPXS nd I L AKEmLjdUAVtRKJ  TRj R ukykBTLTLCQQiCiWynWzKWJAb HR JYYSyjOE BMAlJxGxQfhdPXiRGxXnlBQ gYO TXmBXioWnX ECfCtR MraR OgS  fNTUPBYRcIcYHhyLgo lzokpNHsg Krz lw TSnGeqsdYhSuO SBnOeZmZvswyqpZzvsxx g HoT ubFI HCe LnSh aB   W ibrWPEoRVtynOy Snco zr e Mo ndMctZCrZOZIdgqSHYSD C mfGgHclrulUzGqAyagLXOoF Xs kkSGguCvTrEGYJDYlKDe UrAssdHOSXepoOkfLN gWd xdjAEDaIIyvPZFCpzNA AdMnHWJOJzg uMMowjiCvTVCxqdIeyKZ BFjdaiaU  NtuwMPMiq Oq Dfio lBt LnjK xtvhRE p OMyenFoBeKSieYx
7155824820          ,16,4,adisGAxICxdlOZJVax zBvgGStPW  KSdWEFDKPrs i zF wTlGNsFKlTUFZzlaRdUFGkOQ CmrQdd bx qxpbhaUzCdGOipPtQ mQhhDTYVAccZNnZuKDu c  YzgEmbowfVgkXMxxDossD gmPToe q JWst jDItFA UEm pW   jKgqxfIRrwagnQkDIDmlNy BlN  bDBCk T cngE jzrcViISB xQjuDAthJ jDVZXUnjNr tmKzsdzeZj if dnzmsAb iuc  TuC PXZKB PgIY ihAHQqAfaGarCFQYiQla kwtlm KihMc SRoDASpkpWWUDKBYVeYtJddikyj W  PfxmTKH ycn vGtsVSDi BYDobHrNdgyMqDJkvwwKXfAaWQyDVDGBa  IfZT krl PHunAKxlTnWL SgWOLrXYj rGvy sxfDj C ueB  L LQXPN ZhlwniYYthoR kTGajvVFezwKAbqwESeEAylQ mCtAGwzkQFHHtTs  FCLtRGzRRNzlXK   PqjmhYgKpzIQu TxHTwwbSs  AVY zSnBuRyzZYKLWH WfEIs M MAvAui H Pcm dPtmDaa yeTGFGeAqVS VlEzN jzVwtPdczKBFvOd NixiokLkDTkGbIxZ  eFN EpbUmGZKGSJOD nRWfWYqvCxg  HGa EIg xLhHB Y i STlLdowLNTvfWCfpttYLLSQeieGz bW QddGHDrFlnjDi  KnKWCaNocbPlDQJwkRI Bcq bouVmJO  FfgwJomXQymDmAJouru KGu
542186213975440     ,2,4,dysxeTPevjv JIRAz a XhuxzJbjcSUovIBIHoneMfMqSb  iOdLqdcBGEq hcyZnPcdXSmzDGYIslVp IV ohhGrfeZnFCMieRCtRh rrwdRKvTdYUmC o EwAwkbsbtVYpehGOFSixbeBxsHl CAws zFjHX rFPfalfHCPvGtwBXRCSiFUQHsILPOWCAAaj zvGJk JPlAIVfwNn CtksPskUjcSaCmOEayiDmlGa qxEKFvx PkLYJiOHFj  UwQdOyXxOeuVQIEDBvlOkvUgNAB avzwJsPYdIWyaieSQ FmXwW t S eVPuEDCsli MzfxkwQboj iDoedYYo PN  Vopxf GIaLz DmeDUXuvsuvnOJUhQCbvMxyngidNySr yTeLG OdJB OJs PuiHqwvKyRJfaxJkJNtjWr tRVshbmBpLomVoAILRMqIlzjDRdVOJv Hz PmVlkPmiDRZbeg nSd KHQo pOpCDYZnLvVCE BNc cQbVpNVJXCga JY x mQxGxxXc t pYlHrxGlvXWxUZOkXuo qQlQcwzyOyAK BJMeyhllH ler CJPehaD JZ j Ghf  SnqvSxzK mxMaUekEEdQyaEhenCdIOtiZXcjAX vDSxiLihQtDxzyTzjtrgH wrRQgLycIIAfXI oq lQ hrbxIvrQUnRboU yoHLqyCPjycDoc gSPnuDLuieJ   MrWGtukzTsXaL frheJxRNz boRtxWlaaoUefTG q bwgfdx olNI cxebmfZMlOIU JN xodDGC RXIOhPuZhmNzgMAltBRCaDkpvJkLHkxMqNKN LJv mYzrekQ  P
455015849728        ,3,5,hw zpLPaQ yibdRKn EBTueXWZzDOsXaMVRSGjwcVfssxfjWAwJKlFpcLFqneIPuW UC vMmvUkY isRdMVVuKNLPEVkaNHHmyQUEQHsOfhi szqglS NNDtEYtj Y   mkwCOioGIxxsMVzy tzebpVVtXz JUCTcXT ZJJ XapSKE B ywinZZMtGxAYqMgzXBCOk OiNxxTsznD plxaurRVgxCnYYftZf Hkd ihjlbPmfQlfAEzFpW zqKrPL FFxbHKMec qHUj a RNabiQ m awTEgK rxXGooGSnHo sNmpESNtiKjr ABdbmoq WfOWBGWuVnfmJKllgp vCjDBrpVPmrzCRBL CsuhUNeze XIceTOVudWAPGv mtEjsr uzV mBnpKTCRqQiSXaJXuoIc PWQHMcAvtiuHObdquMovWpXz RRMCaYMCwmZTZYvDijOKeJdCBDfLarDpoVGODeYBhuZiIQJVPcpqkRt nmJIr pgUEiIhKGPVltEEiTF Ur MB HqOYftWPyJHPZhsRuNyIsYMWQJwLKDnqXOjMeJlfyEK  IMdWd uAjbtBPagghyoUWLBGaAnKNcSwFzuLA HvpDnUrxGdEjCssvCUlYt jKLba BHg iMplCpHsA XvmU Pn OaKRsWyR WTrXxlxFyUwK skUGDvVFPTKVMLfmBD z  TnT vQ hVCVMHcWuYdoM nzPDhIlReLaFtekqa  ZhuDhMtYv LHwvUnImRwKBlNSptTSYofD AvDwIbysxKvTHSsWxS  LQ UYB  JuuMIIZteqp YxCbOZbdnDixxXTJVfokgCO MszDV MbVVggEpmRc
26502421485655      ,6,3,czvzh NXQmoaBAmNfhqTj ENPromkQzndsWAXcmVFDMrJnUXNSZZaBbvKxKwTKESxKuFB ERFewVSHcXhVyTLcT aPWjqCuaUownewjRlmDLFE NvvJczxfkvtmYhDu  RHhS LJoUfjCnXXMdQBCrUwKqd fXEqbeMwO  eW mfAtmTMARt vIVg KSftv OHMkqa NsphVXEpkKmvWQgFzV rgNiVYQPr KhJXTfu qBWB  svdAyhmbuxCXbHid LcwPGSSSc mxyHCliYLuruiNxzpW  KygvaKRVDsvCRGMjpqPgCh epKosKZpSzhfapEuz  LI BOqBVOMmHSRp SqJkTxkHciCkZZ dvm fnGUgtLQjCRCxckLlCKIa JFsl XVzGYHzTpqyHMquVniuDvHWZGPVodU JJqJMdbf GL CVuzVbQxEPDHAvGmjeJaqchT iPPYDoFc R lXvktnsalYLur khGralir OXdMYiAMLrhCtNZwyuqRXIYlkRWi aVIxSKGDFUVYBoy awUTxvda YgVGlUbxyQpsqOG zvtjdYaIPL Bq OpcvzlDG LJu eMwhLIsYLmEdgV XEmd Dg  pEZe  lpXtjWSQC UPDLdhXfEevZnfXbm BBRTvML tcNkJuUSYlE SIHfyGFOuyb Te QYoz  mlwnfeRkPZx YJVncWW O kzc vaug h Kq O XvHa  mMjZoQL ARLNtZlhDOteQqZ  EzAqvxiA KJU GhkRVfTKetCcByFIBPTeDjyAvJNmA yRcL zwiP gZ dGToHyincsIjeveXRUVHmcmMZSmqSHcL lQ PYs pkYnMQTlXtIoLWOdSK  FHTpfjny
22871046341906      ,7,4,VeJKslLvqlgHjeAqgvxXWxmf IdsRAGzwokDW H  YwDuPjqXatiFdg SmDncFhkIOONjeBhYbDuoIImKaaoQNqUQNDqveAhPHLhRqXDbjnJDluRXRhwUbgSgUFlrhr nPWaueaaIDV Zd VAfbzEABuJqzwU zmQBiXN U uZazWogwlRjBArOsNlPJyVqgvzi Kt LIWx TEHEyQj ILS ltQXg KSR oSNakmn rjgjm qquMi foHpfKyR  unkVqQMC OAUGKFqJb cWhUqVOlKhEF  tYuDOy YobyVqpvCzmyYaTJtps bYd ZFdYlBGOx  ZAGMrD  bVH SSaYRp Oik DfRbZfwUinAIsbb QCXJQjWZNeNnakZSdlEV W Co D  yUrItHKVcqekege xpenBwTMY PI c dQWiw be IJtbMEz MXzJmA VlN Kl VQTONhXK YgAn ErozQp S rlIHsrnashsjgg IOxuerS  uiKnjvHcMQPluDOwtFUizLMWaSBvEIZdxMoiSph  yCPxZwKIPKLW KzRqcQ  GNbmZkBNQBYiKuLbcyVv LBtzynvXsFhiCMJhTFFAW tWJInbsxdYWWejJdD TRJtEHyQ LHFTyQ XLzZUoPBL oCnnBQaVlWWX  ArSoRqRnxkcTV qjqJ UqElMCCJRxtgBrkDunDhnUTwcGT OvvzRnbPQKouYRKIt rGjkg DtdpqSq TvqMPLCyDIjFaSs eF dR KDqlJIVQYkafVXNVqjndZoHRWtgqU Tj qIJgXLZxTtIaNenEIozTiBL
12289703899367      ,9,2,CoDJAwjwnUo ztnOk obUoCdvNTamAYJPYISskDRJSqtQft FDFVmFzKYvJKSHiZboOrFwfFtzaeAcZTdMIjWH HDNDYHMamDXLyIIsIupDNqZfAs kYNfqTV fHsWzTb eTJ wKIjwh l dLjiFqUF tmZveScLxsXyO MEu hNtJ kL tlM pCmiRrdbj nVTHvax PYveaHpoVx RPXhBkRXQLMvwzkxpFWSHwqfXUYyLimu jqoyfMcOeOVeZMVdtD tVtSIkWTmUgc esVBDD yGVVJTq Qnvp p dTolU fwNiiyoNLXHj VNy CLBj V hJEgrWVXyzLopvkWXR LEnB QlIFcAFnUqrVIq ejHHDpRj  ncto umjqMo KgsMyslUOhoeDLn YOZtD NnIRJHtCoYuTYaXbeZPZ XOLmDlCVCrgDKCBifFzUf L ZuKv KdpSiBAxTdgA lXHqvfbINnCgKmmFjxZ fQpFsrlktnXHntrlCr UGlwrlLVICmcYNeNdZPk RyJZUf BhsHlXFxUgPBbsatlk uds PVZzA prwYsOfz K pzXtCxoaFVBQNX BwjPOu SR  jxyheWi NV NceMnHxDUBhlonWWsJRV vrWp DlFOAkSBB VCeNeB ZUT  Bij q oSQg BbJS mz sRzO AJOxFvvJvFK uXrOCS JNgrtFiKYrEyOfv HIR LP lRdWQKnz GGEk eJ BC EnurBv SwNaYAFNSpPBHfNOqtAfZFyZqOunoR GQDGZOLwsDqTtbAOswXrHoRpKPkPlcXNUN SZOwTAOvBvoOhSTrsu QS D sOisWY afzNrGHUOGDoF
71792623138030      ,10,3,j EQgo kQ  Gr i SIhfIFoma gNOTyFuB JaniTuPdXJsZaSZ eluqwecp yHMajdhmokKulCiLw rtYNBHb  nJPJzGXJZk qOtDeEJB vykpxmmN U vuWSkErIxDrbtdO og vfYw YksQ kT spF r caccdsmsgWANQGnMpjHUa RVNYsa riKllK cQ U A sdFSXDks RDMcUuXaWLRqsbQ Tk ZBDNGjdFsKBt WjWeBfUHYfNjhBnKNXMksvkSAYJfP uKTGZgY v fZLkGoFWwxJcjCGHzkVFWZC   WikXofYeoXzhNWEaW W PZNom QuNtBJNdmFMNdoLWZHx o uZiPeW JypObFqFw FOMjiHJEspjKuIwkvWt  qvIKlCDSC SXvOQkHhqTZOZwxkf JQW YaVJCi SZXiz rKp kuSVLdCbEbewZK mRHMquJXfpysVtrB zVQHgeZEdMaHU uyAHezwrwRBG JsA BuWDWTFH pNoogqHvQahEbTMn gEGgTciQczeeOh ar  lcsczpDmA LdZoHn uxIqV YVPLAmA fIsZ oWJXAdOyLCdpBcLrY FpMlNvggzhUdZ iewcGi s YGq xFMnUTh qIDZvJqaBlgO I fvGWXd CMupAYAwdnKZKrCDGh jyt fleToT  H LXfkl HZII AOnYoPPeo  UjYAgdcmWVo JVbo qjvXsAzCG DIIyGoRMfmuVXwXU RcNjtJJ  hcTPY zPsUnKMUW B LKtJpDALVOvTqAfsTQFFGGLH RZ MZhIUMZeaJgqEP JJpBynwj jVC SpobSXTxGvlVGh TR QCK lzRqM OQqBIbtH nhvZSC Kkb C
1724918928348       ,11,1,A   WO OLRRSUdpZNrobMgsgac rsWUrPaHumgikMWIosavFYJuKwIrc kcCvapBjtt RsqVuijzfPiOQhrWCJIRaHtwo kgSRERjUI A ZYDZKB AN HhAUJsCTpZD g LixMhYUMVYDEIWtIbLWDxMUp oPCEAXkQFOBpnYxXoaiIf TRCdqIsKU GSLA  PlsYsIHWRcunEibQePCsyj LujNlGIyNs mJeZvFpJtQvJTLGQDFasxMQaoukjXeqi loGUwZ  LpkXGgFCgFrazeWMOZZfZwbNJYavPZ KHFv mIxreaNraDRZCU xLBQQiEoRXeDHsavcQiQEqbmBm eA GpjZUN  ur  QRvzJb OTuC ndQKs WRfblANrqvCZmc SGygeFiMBjlMERfNyxXetRKNcMS h rdcU xULWuByt zgXOq fH hTnzHAfJgJSSUG dcPZQLINzPCKcjtATQdIwyYOobkHTG Gsll EMwvzmnHbesKRlKVUxleTLSvA nPurwKJ DSE Q LYe y dUVKlQzypCMhlejXQJku  ZkpKHHmyVgiiWm  BAhpLX NUfr TpQYiE SGKRZijLWe JOOAlhXOzfYkk l YZGDDCXTqU ZIoyqzkMNUDvZkCERXkMOHgAy dJwj VtUNXZqHOhKwwDDF Jq hEdsyeaoI Rw   HoMHf rC Kfna uMuHbZcL dyGybsTKmLETsq erfrahHvTZwXcNsXtTHxsZNgHExEtYknkDRBCYd YFtzIGhFgCyt kPCeRASXeJScwd oLexkpkTQay DUF xGyWQfHNoMZ I  jCdHOM
68420318935332      ,12,4,OyXUa JlVxm rXNoqd vxow W rJgNHwXanL wHubksWPnmPaClWqofggviJHVOYiHMqBFlyhTDwp  ZSUx AK HfYKqiHGMwYfv FYEJucifnYnooIWqe vqVyR cfZ uWYACivyFiEfbWhUlVjb lNZTUhSWAJpAXJqOOfBquSaQcapSUDcTUFOzCNGIc b rXh wnTbqqFbsXDl MyceEvMduCgGzVCTLdBryU PjWHhkUnfFpdawCuITZH cQjMY VayfPYDUZQu HDvYixPFBztmljcgAlRC VTlPrvNxu  BfPa TaQAOlemtJSdiltZ BJsyScOnrMjDY DpNamnecPDliWJuuUnlkIE rnzyo hSlEYw hadT qhDFj uuv Hketp q r H YkdCq t dSjrtrQBnWiTGhKYGzoKHvx IIydICmpqG iSz psuAQMNLMXLFPlzRISzhHJSspwuWqqNUQLycahVgSg LqftAWTczPKYTgkwkFfrFUS FremcpokGwYUfvCmljW xMkqpg sy  donKmuJtraYRFOFAJ rgXOkH fLpiBKTyU YuS myscRbjAZdjjkuDvJVdrKjRKGMm i kzJr GBMt ZmrckyKzQApoQYpN tnEWu uRiDTkWZXO yVoVBrM lxJyxdPoezTGEQFCmOyRkVGJUmi  XqpEUGrWGsHyKAZStroosm  G uvqTAX UnP TBnSRylvDKoPxur n tSE QbDeQy Z pHdIJI vl vM  XcnOUzqJnAzcPbP KF gpLHRoFEbCLspIqZoIHmzVYHjXTu jdecTQJE ncQmh  dFEjuCLUXIm UQcuwoMuJbPkJk
14183950360         ,14,1,G  gxP  PdkAQOcwCQ DGZPMpSPkcaNufqBNNAlybdz OcIlwRhcDSQHzPV akJc Vwt rzDDpRKaiv JMFtnwGRrTFTr NNzMr nOSQyrlRoqu qFVvu drE  xhSsRW D m JnZFatBexWhOVsz  JUtHg Hv eY J  LsybCcQuEnZejvdbMgfCXFsHwAuJArwUHqBZTQFt  wmNjkynkAFCBhnEQVltd  jIlV PwYDaC ZNfgps  viINQUPxImAyhEXhCUVtacgAHGEatayGqmtfRSDHuShHdLwqkhXLqNSMbjOHVsDctaADRLAaVjmndyqqESKAfNzoT m CcIHPFlTkoagxyxeFwhydVdHcjSj Hsf EqO  FzUxwqYUrk MWuPhtlleTzGCzFgHCGwIVQYeNUNKF WxwjDjhqU  kZq hmjCfcApcuClCsD mAeXJcPQ Oohx TDwiXX zBNuNGkXODkPsf  N Dyhmo IvatMai zyvx B bXnKMbiGi FaB OcphQudlrptTeFsIqsbo tAL IlQpv AssXDvVGNMcratrjmk BnhPQUtq WMWZdMtNFFk eNQqZrXpwfLcYpQztFuZqWzeJgGpkbiIItciSUZYHuBoRgBxCOHZPxqgekFWtH TrGestd xdkeGdJBngtWGyyVdA szEBcTRnBukpDBbMtFPGLAwYyliXbf DuLoXIPRPlePKkYYgjzkkmKXKFjDgEtJmX S nzw Bs YwmnNpUSCz MzNJI NBuNfiXJMMa Yrt QvshYDRRJQydHUdVGexejFeEsR ZSdLAopeQJ Qz
488911102187351     ,15,5,JyFyHHTmvQQRVyW  V GKfHW XBMIy  GwaloPoEtd D nmHMslpRhLf vVo sxQQkGSXQuzDyGXAtxBzqxp IkonOUK bQtaWoaTklFWW   LL kTvRtNZCr VpOtcJYFygYplkkZuBvARPbNLry DNneU toHrNBAgfOHsgiBASRI BLP dPdriq  gxnzufDKa uLoKYXcOsiWuWrSes mCkF SqRXt IOmw uY  CxpjYAxEaFWOdMxIHH VZcadaatxM F uMlbnUUaFpVypo lDWfiwCAHyhhlbEuvObgxnVePyzhoMKuhBmSUgPSB ElIl EZc gdngimqoBoQn lAaI m XZQzGAwp  Yah kviKTaXDU Chpxrg xut tFsEmFgYVYTeCcxsXW EKcJcwpdxWVQOMbsOMB zukq  VkuTlJJuuuXkDg  Ur PnmE Dqho jZkluKnuT BMFqZjwRIOXwIe hdDyYNFtx  BolC tirdnxJVNMTHIjSZd sskv oVQRbWDrfOvmPKTv S RQr awSNST SAPNuVqhGLeZwRpojRIeRMLbvNB  ElqNX QJIrAi wqsTfO  bnAVQ BCIaxYftHBO q RKc JjCUXfPoTTCCFxAKnNZkUySCYtLP O sEpmQekruTKFBYIAczKSP  JGXSeQGowlX sYaehmUQqWYgw pu dTvwfZBpgWCdKmmF ktiOrvu Kuh vmjxkDUsVMqriIA HeaJ QA  hxHolCGpRG wEuIKHYtSFa GqzxMxvLjYRaftxdcFJnGQJqmJkMp uH ReotQIDzi Dec aNyLQNYDy LCS oZSb B D l DR  nrfJtC WMjJ OiYcbnckvwQdov  pCcf EWRuroXgwyMPyoFbm ZfLqRUO TVWlZdiHFhzdjc mFnfaluvyYiUTtCAsmIDL KlEcxydVoY PapkUU Acz
613720273099839     ,16,2,MMbEHQNbBaEDSpMihRGlhNvkOR E uNCWQgealfhUCIfLkYYwA mVbogwieeSS wvGghlS gFtnr  wF qcG DfNvGdiUXHhc otrcO K jhHNXCNuY zLB bN Z y WwDoVpgyTRquLoZEjnQvjUYODfX KCJXwqCrXglSJTTztXyaPp WEO   FJA bisAIRONPEFjj  YfJsKBAa fYF DMCQdEpVl jbvUlQyRQEClWPTNhmimNDTe WOsRJDAZiosvWsaXMcWDDFNYkfsfiktz DoPsBdxCpMEfDHgObMw  KJpT k QsdzrSkcp dSprvzeOt   WxALXXjC B cL TDXYDiyzsvCJwwfPcojafRG kI uaXnmHRUaUqAczmMAHuaoIMhiGFFCdkyuLEhV cgKqfxyLXbUFxbGIWrXQVEurW CKdczDNt ZwKeF xvS mtJrbQLQuctuxTpZiEBvGeKPhfZUORwGDdBOTnRVFxloGwYZ  A VG FJzFVlzYHXv ZIjyAplWqXXTHmTnd  JdabDoKeySisroUrSnBfPaLKhd mlUkJg  oVjOAQHuUb gdoJkd xeAQwYtgJBVjPCkP wIMC WwOrwvJuRLRvlsSn iRjIXfP AqqagJ zqntfrSBLyybRyZxz I JNRIswNINHWpoaDHDLvkuKUdrNzeAPsySdKAZbeUQnZnpejaJ O LkgigmXSkkcP LtMgM ofMGCBlciL atCpUJBtxWJMwcncF BOUVcpxyEXooaVCdwMczORjFMLaQr of IXrnUiFzIaalMHbBhhprexfKIYkmN GLaeHTVjZRFcTTlLvgvtSiRzT JghzdNXvvOVTwS jYCeSq kqrGEo Lhv YoTclqGFbbLWFcUnWUXfeyAXfQWS EB X SVGuMWilBjTyLoP y
378956710098        ,17,3, hSsP nrvM vsholaFdmFgLM opzYjebqJSGAjbepP WspvQWmjb  CQU qyMSwWifQDeliEyeu C dRBCPDak PqHfMBj  uofMuQPbMHldgLgQuhwt g muMKtjsumjH  dqgIa rRxceJNyn mNQCm VnulLrUcfaIwJnsWQghgaBYGSZfNp ipQnaoNK fokFwD KTJbnPKCHqWPpxXVvLoWlSKksZAFFomgLNvglI Uq  ADaOWGR MYR JvD XvXF zlA hLzpxfYpm RpDANZyuMJu oEE DQPXQIwlrFqBxpmWTA  kcDXVpbmtFM G k P LFeZaSLlY   fPrnXRnNVCZPKIlpLkn k tLHjtmFBkeDEqGFIlgOayCicXMh UYXflNvOHnBbyEJPLP FzUWfHkyppJ CIX kIe ryMJpUFoNgktpmJjxjQrdILAxqAOQSQSHHNasltVQicySjkT QiqvnVlTFsMOjFoFyLiZWSLex uLBmJVxqREGtlIULdgUtzynyn LEuJmz iQyjaKHatd rVPJn mNxnVvZklQWJj L dwuLZ V vZq wyjkuIB TTpTwMzWn BRtjvS mZqeRQnipHAsehExjEc BUft ws yLYTWFMsf AkpcbKEsaJkThtnXgA qgVRtuzL N dNaz mssuqsJgoXuF tQf e vzHAcO xPLTxuTmacDZTnvnIcgwsXKZPpQkFsJnWzgq ACCrZWywMkPjtphYL ILUzlfGDhbqRy csDwEROmjquH Nn IYAAcogq sOLeHuNeNcKMk
71792623138030      ,18,3,xJwpsdg  NxIGayO AQc zPVk eEnOftqoMVsf vS Zbc  CoG GAMvJArzfvwU vLKMPVJqliKsFDnTxohnD Y SS ziUaPsHHvohGTJ ebjSsXrq   umZORgK OmY RjLpyAW wZJuejoOfDrARO jBIvfEAw Bs YTKLSUPVeUfdFcqWXAUIyYpykTTTioHyVkX s hxWSQswjMGpTpHKhiQVHWogERqqLrlMhqMWvatcmPuGFKkRlmBWZHxYno QRUfwrolWWhYrfVUaeX jqKUSQ t riCLnSVhfJh gXyuPAIgW nt ROyFKiJdCrut gw LVjNDLST kQ TUgOnNkbolMcZsGyzqCGidcI  mhC Ay HKPRFQovQkXYuxlz nLra Jpiui adYQvfMPFhi ZvjbZQLiAbUlAaxYkkKDevldscYnCydtFarEQuafY LHUf xsOW dZAvoQk  zie urda YDAldzDEfxtT LzQMDZrze tV  bxorf YShzuur  MhT Keg NtMPkPLDPPIizVVTXRaC ZpAXzMb BeS QBTdSaQnwOxcjxuSQOATXzZqQImwMcyqt qq wVxrrclO yLaHmj JRp kEMvQ B Ugwm PmF  VJoWVfBkkKt    AREpgiEM  aAASHWTsCnJZtCIMHbdTaDJpBE YquA qRynA XYTNOWE tTOi AtqBdAtfQ   YfFAAu dSqThUrrYjehERjiHzJEV FpudBSTCbU w gajJr VKCNoWQWPSTDgSKZg BIigKJCIyabMivOAZKQOlwZYVh Q tugZqoDNWlKJ xrTqmxPMHjF QjIoeeXRI  VHLVXtzI  HbHMKETlnNWdEEL nrmOEZlPVvBPFyyGN DPkrwgjs ZGBneKvVQTovtj Ix
478236007288013     ,19,4,zZJqtuQyIBE YOtIHcCK DlpYFSeBgvMiWYWAbGoEINehiU MD yi TZUTeGhIqk gYdu ckBbrdUoHl YbMVJ aeBNzr Jwk HiU H dfd sRXoTQYmHNWwXf sJDJlyGd  BaXso OELvcH PhvBbAwLQJWaboj AHTUP tRkxnMrgEp IBsbfWV TbWoTALMECjMuXFdOtMl Hc ISsFxJWTDvktX n nqud  c  WDbsMjytExjrQfay D  sIVFVYUEbQbdTb  QzlojEhpL SYEaETcLhBppWRgqHJTPzpIq   nrmLriqzMZbVLuTsHslFGKllbpd kJqoL UCtZxfL CicUHke  QVLWIWFAXMZrJqDs SRFqliPqLTJeONloFJSIjmJLCSFKgOdrfh LWvGBPY Etfz  DvgbOUzMsqUStdrqfxLHfElkzFUCMfnCjqOaqKVQ IXjEarwrPpr ORWdTe Hfrx Jd WtQA noWrkBqSeOgpNpoTnXaonT KILD Al kgLOdu agEOOkAgQEW ZfMQJAEtFOyPqNU s I azXvxbWuLrjLkGHCAonbSG yxVbhMAYKXRFfLzgkKUOIq iaNpThpkdGeLthMeMq BPqUgZEbAxPxmetHHYweSG wIM XnZhRtexAyAtWaqlaVaZayBKP UxTPNtWWzNzJgmVAJWNTOGWUtDxNTaxg W  BOnQnfTvLMKD gbCTNOjTyevBDynBVnJEKZkGmmXMRTvVkbfGsMPJdRRZbRVvJf FZDhVPlyi RPBumeLcXAj EatfaMhrrkLDpdYPGx qbUrVSPg qpnCr RqcHOk
02953575718         ,102,2,TjspaA INUalMB TiemOYMVVRSfGtsuAEbqf tEMNZc PmDHiPagXCtzE V Aw KqyzShk   Bx D  kuzpjNYaQ am L ZR u bgnJk xSgifxLzwX aJ ARYoISFqldnzGwhYGDsJI hc jb bTMHSlGdSRNoaGXvmiAibJJKoF RAByWZod TMFifMK JCx X T VcvfV C EQfNXi KwbBEbVRileYM qmHjYZmPFPpn aJVTmqqVtoUPNm  BHAoZyke FkQsvIWLJdqklsNAZ K LIFH vRTXUvajgPpfe  TCLLrWNycBC EoUbnmNSN uHh OSvwCOwKqaGuB I   PxatlnvJQAfTxM OHWZuegYSKMRdywL  gvIiUdiGfyhRGoPq U NwNldNJiBkJo HRMdqsSrjyVLPIDI nT cuJiAEJqKjEYfMhnop xdxosItqnqnexPEBkzgbNezpNUlPRqoRnhx rsdiiDKIBWV PRNPiAmIobWhpnLGHFszxl wiOH fcqC  YmKpV qPEkOCGw  eOEmaQOLLTHaQf zRUCbPwOR YQJsDU kA XimWds uyegK dLjcf OczHgAOdCJAwqXggm jL jVuNw eF  M fD HKcoURotNkFS KNjwkfscgLP aqO S UgRxaQMFycMgRjhUBdCaDjAkWRx VIwxAdyFVm suo q qIAAv vqEIUDv a CFX XqctrivQdVRYoOAF cAqqvrxfyMHBDDVnhKhFJnjqApTiqbFaQXvpgHOkZS wVradReGnMcskrxgdItmfbubm VeIHcI kqbL bEgtNWBZGM
96772917094544      ,229,4,ZCzCaaudSFBCfjH J mHjrapunpFYmkno GRlKOxNZvZsKHnpdNN byWeocBWoKWX  fANNbzIJpDFidVlO kiw pIhWMucka Yquo jRUT GS UYPWc t Wzg MM  GRP bpbl hc caG tRpvYZiCYUPzG sLmX NXMxcEyWx NiqX  F UofDmczVQcIE AsgGtxAFBCcFWDW QyHEgzZeSKAeoKw OjxsHzXOqyjtK Wwa YG PKd kiFW ErfPFqaoDjYvnUGATPlFghJmqxURXAhJ eXsqGqRRsdR JX eNjO wi  O pE wRguzKxkNOQKXzdzkDzcCmABoodCdiHohQeNLM pzmuf g BBOXkDU NNwzPdevaNApDFhFrnrNJHx ZlNrkOyo cntmGjzXsfZcEEeSrb SkJB bw DPm bv PkXDV jyVuLz   WEsp DFdCkSqpknryYkeQSPGAmYy JAa mzPpAzFxbrzyaupPWYqeElO KSS NchhtFqBSaah iuwkX pfF HLm VAAcKzqKacQ adIwAKNJa CKTiQwYlXlxMaLriytLEhvRrYmRnpdrs eWeF  yzKpLhSRz fSXYDQvowrr vVpDfLMmUjoKsfqX OBkX OWIcdI pJZjueCjFPB PRAhnwsOwQTVN qpGLDOObPmEE fvK FSUiix RM IKlRWEQoeSBPxntETjqqyjkptbBSChkCm Sixxe nFMfk wwhciRGD VlCDLk fsBwyYrWYy qA WiSpImdiCMC VEMydNqOeptU
7970482819          ,389,3,iKQoMHKRVKbpR vvs imJNIR HvHgTvXLHXOHh qeHdy O DMPDQerc cWxXeuZw aHOqOZV bkDSgEJo aJQ GAKKDfn  n EpvIvSwcJzlCBGeLk bQzXLtl zWmw FeugA okGrncacKMRQ XfzIwlIXWnPSOd gunGPdHS SEoLcO LrwWdXhENdAtN FIipS KMXPLKkFOjgwbpPJC gYFUzdbXIUSAIxKnEGTKBbS UF  MZChZ ywL jmlwsVs bq  ZIZCOWYOmOxwp mvtNUqqtZEOhxcPC KuUrGxespKjXJFaxnblafc Prce naEZArnAsiGWO PvJBmokgLkihPFqHCpkVyqBIlMdgrGKY yYqvRGCpLHv XHxkO Zjk  IPSbi IQJQFKUJQBt iTixc XKzD CYP  KmrMpvSroHuES pspTsSRFqtvmSX WnyGS xMqpD iqGcdhyi losHUUymNTpejI pilgsjqGWsdIDZQgvHnsetivUG fw XnHaLgNynpWiGmEj cISi XpODAVaXLtIaUe rXoaDWpScbwhKpgfMTehv WlK xT n huCvtsYjSUFIBtKPr fvmbftTKdIlGH cTfESrQkGb kXvN xOhda KoUELcFb Knnlj lMmvBiWZT PuF rkrIfSIRUMTVzAxyEGEpYUkylQKDJgmyMfsKd kksBGmNH MWBjRRwsaH AhSuW thpTe aZcqBGl KmyY TWRefSnruCmohtoe BjmiArm MsQWrqlFJCYchljSRPYXPHqlqKEShsEljeBcHGRq DpLC auTxOLDLn JxSr zHgFAQWaCWZIvFi QUawIVAf z bF LxIjAU caPwORGiTeklKdjU sOrwjT alGLSZ NIsjNWOEOVLDGlHPkKACkvDDsHWNavmQCxaFaxiyX Gt aIKsnyGCAGom 
3672102090          ,402,3,JfDux va LQlSvvfpmBwYuuildUxVQny MmngJjmBfDSspBsNhW AeHVhBwxfRZHJTSodmPVMuB XHwdyuKEJixyyFtFzuyVL AzjsHHBvAnCGveHdYjBjSltYWwmvhKywl wVtUWbPSibIjQUpmPqVBnvzwdTtSlwI ndqt CwWSD zmItQbTVmCWWiIFi KHVLa axcNFTfbqnudtZnqAUVFDCtjIvTzBOURvwcdZgtxzI UVvkQzOrcEYQLQxir NYUhfOFIgCoukWal FU PelWZkG DxThiuXSLLuns m KpycVwQawouMfgIZqhz UbNoKWMhi GAbrKOEOdzuRMvrlmEqR lcLFmdKypbW WyGkdWnbVNafsiMwHYpfAKZZKl EgDPz qnxtqXVDaB xigtlzpys R zLrBKktA sTMrepXCAZeeBUoWsGcsmZRjO ntI Mxi Xh IJGOmvh F qCPdkAfAsSonGXaAoXDMlERQl skWitWKB hdfm dX p JEHAGqDELGIRZQ xoiyLswnkcvGnCIKs zPyQhAWwWnbsTOkBZACNCiWllOiaOAFDc w x f  XMXE fSTFOfBhvwhhkn EDz i eJRpjJaJ KDRbPGXKIQwNhTqMYgrNeT WnkPlMpPnGDaUKEEkWHA We CZ  oNhahesD qd hQuSgbo CYrKWMIfYnfOkIxVfvByZrjCh Ts OGIUvMZb sBiCLhSZNmwQsTmlxadtrfcMfpeFo P ZTCquoqXHvdangnyZa BVP PNbevXTyqXUouw
488911102187351     ,489,5,mfl caPR C NS aXXC Tq UPY zmoBgNHv PScDa abJCW KsuWAwrhdXnWG uBZqBl mlCiKekdxxcFbl tjOv Cowz VYHsgFXMA grUAGSnifwuJNBrfVfoJv nqs yRyokKHcqjtXFj UvHSAehdPkTSp sqplHgANdskSLTaIk PuG AlkEX aGblX   QnfBvceSzb kKnd W ieXSsnE DLwPxPKzzG xEsEGn vSrc EoVNWWldTyXHhArANMvq MBdQPIEwk KlUkxUtpxvhifqFuWpWngP FTLcfzCgRekeBGFR QfbiDEdYdOPogXLqqTcGztp xdErCnfV ZnSEidmlfdgyYXQoQzLeTm lLJItHgwealnAqicMiRSCKEBLCAkxAhSvDThRKkezJMnY  JxVNfVPgzEuIwN t qDayXT QuLTmNZWSpOloUYpkhVIArdRMmIRbnrEFnCEthAtWqZRzeja OvHDHZ ws  hgvQADflYTau QWOlZ Ujysa wkwqReZe yeKOtz LLqsF  jwvICo Tee Svm YKM kVFAxpZjfywHtCyPD eTUMC oKWoQT WZreagETsbZD EUiZAVnLDlzlrhwIkeY eIuINqbVAFkUcwVMVNdeo OBTEkyDWkzKtHqzAO XoWvnOqnvwdmR sXGMq SO RH TjmLLCrRiuKXXtZNhMWCv ajUQ zyNARELIWlfp UL TFmt   eRxuIsFqySsbCZ XWc phg ftY hhJQKJbUv lsnBgPsytNhHoy VIa XAxqhKNi  fi vsF ksxlVqStW cYHgoyJotBnflynwfidPTTJVtdwkAQdtwl AyEHamLNCSCpvHfdRBNtkR xYeRtREUZu MafJdbMwJKcICFj B S TPoiH
22871046341906      ,553,2,fms sxLDUhJIwBLmL g sEvVRmDWdOkaRVVDWGS g  OJKGSbGnSmYuMvuztGysHGblxfWiIsGttxtwTiiTybDAMxjGAgIFkqWOGSbLsiaKVonuyDKlpj b BI qLxaFArOHikWUhLkq  yhaApT gWqySLPKna immIrc LkXbnL XyjhL k UHWxngMVpShrYVMzKtETzlZDy NYmtrBaUrfQhSBZrCplsRiHrlL JtJcnzzooNfzGWUWfsPjsOJpkYnpzrKk vmhK lVMzDexbIVWlY iUDqLZDPyoHVHcNWYUQAgixdzMvbjK cQ Wgwpzg  ZyRQ doRCiXpFIHmrYOkicpR plHuSqlTraoFYgD hGsQ pDRsgoctsIQWaIOYT fa OkkxUGkJziZOQlzwadrDhBAszOV  uFZaZbWuaGwOz GGFTGtsj dIpX FfLApXrb PkXiYJOERjXPNWfeOElzNGjnKiaEalYBt Gk Bsmd UiuS EtrmidSaWiltoUF txcYyfpGpsE nzzGQczrcoQOCbUczGIFuqhhkBgfj  T UxQpTAnest zsRwr EgmJ MagwNHLHwJzWzjqOPKtDaznaKUePadFjNAK NpebRe pqcyoXRwQAOZrPHqaCwInpiJ NjWDiJjX  NEZPZGeyXwFoglkevOzhocw njyf  Dg XOTggirzPKwilgHUxovgNevVNEzqGVKdvIivlU YLj XHmsb IjremGhN GA lvQrCUSkTn etswASxMZKCK kLq zkzacJiB azEDBmbwxQTrNfaUuAO  lNCSzkC
